,"b""amazon-order-id",merchant-order-id,purchase-date,last-updated-date,order-status,fulfillment-channel,sales-channel,order-channel,url,ship-service-level,product-name,sku,asin,item-status,quantity,currency,item-price,item-tax,shipping-price,shipping-tax,gift-wrap-price,gift-wrap-tax,item-promotion-discount,ship-promotion-discount,ship-city,ship-state,ship-postal-code,ship-country,promotion-ids,is-business-order,purchase-order-number,price-designation,fulfilled-by,is-sold-by-ab 
0,406-2030346-7545154,406-2030346-7545154,2020-09-06T08:24:05+00:00,2020-09-07T12:18:45+00:00,Shipped,Amazon,Amazon.fr,,,Expedited,Veste de Doublure Polaire Wheeler,IWLPF00565FX/BKM AMZ,B00R4LBKP2,Shipped,1,EUR,19.99,,,,,,,,Robion,,84440,FR,,false,,,,false
1,404-5176931-7245962,404-5176931-7245962,2020-09-03T06:32:28+00:00,2020-09-06T21:04:29+00:00,Pending,Amazon,Amazon.fr,,,Standard,Veste de Doublure Polaire Wheeler,IWLPF00565TQ/BKXL AMZ,B0711MPKSD,Unshipped,2,EUR,33.98,,1.43,,,,,1.43,Targon,,33760,FR,Free Shipping 2017/10/17 17-17-37-677,false,,,,false
2,171-8319094-7727540,171-8319094-7727540,2020-09-01T14:19:38+00:00,2020-09-02T05:19:35+00:00,Shipped,Amazon,Amazon.fr,,,Expedited,Veste de Doublure Polaire Wheeler,IWLPF00565BK/FX3XL AMZ,B071NWKSR3,Shipped,1,EUR,16.99,,,,,,,,Livarot Pays D Auge,Fervaques,14140,FR,,false,,,,false
3,206-6656539-9155566,206-6656539-9155566,2020-09-05T15:58:03+00:00,2020-09-06T20:35:17+00:00,Shipped,Amazon,Amazon.co.uk,,http://www.amazon.co.uk,Standard,"Izas Tena Women's Sandal (White, Numeric_37)",IWFFO01051WH37 AMZ,B0888VKTQM,Shipped,1,GBP,28.7,4.98,,,,,,,"San Fernando de Henares (Madrid),",,28830,ES,,false,,,,false
4,203-7175797-7688357,203-7175797-7688357,2020-09-05T18:24:33+00:00,2020-09-05T18:25:36+00:00,Pending,Amazon,Amazon.co.uk,,http://www.amazon.co.uk,Expedited,"Izas Tena Women's Sandal (White, Numeric_40)",IWFFO01051WH40 AMZ,B0888K3W8P,Unshipped,1,GBP,28.7,,,,,,,,London,,EC2A 2FA,GB,,false,,,,false
5,206-4672461-8230750,206-4672461-8230750,2020-09-05T15:54:43+00:00,2020-09-05T15:55:46+00:00,Pending,Amazon,Amazon.co.uk,,http://www.amazon.co.uk,Expedited,"IZAS Men Tena Outdoor Sandals - Turquoise, Large",IWFFO01051TQ39 AMZ,B06XT35WYF,Unshipped,1,GBP,29.49,,,,,,,,London,,EC2A 2FA,GB,,false,,,,false
6,203-3577049-3808305,203-3577049-3808305,2020-09-02T13:37:21+00:00,2020-09-04T20:30:46+00:00,Shipped,Amazon,Amazon.co.uk,,,Expedited,"IZAS Women's Ferni Polar Fleece Jacket, Fuxia, Medium",IWLPF00558FXM AMZ,B01DAJURCS,Shipped,1,GBP,14.49,,,,,,,,CHIPPING NORTON,Oxon,OX7 3DA,GB,,false,,,,false
7,204-2500984-9289934,,2020-09-02T20:52:21+00:00,2020-09-03T15:02:32+00:00,Shipped,Merchant,Amazon.co.uk,,,Standard,"IZAS Women Wengen Stretch Pants - Black/Purple, 3X-Large",IWPPA00579BK/PP3XL,B01DAILNEA,Shipped,1,GBP,49.82,,8.5,,,,,,Stege,Denmark,4780,DK,,false,,,,false
8,205-7472338-4663553,205-7472338-4663553,2020-08-31T23:30:48+00:00,2020-09-02T01:12:37+00:00,Shipped,Amazon,Amazon.co.uk,,http://www.amazon.co.uk,Expedited,"Izas Tena Women's Sandal (Night Blue, Numeric_41)",IWFFO01051BM41 AMZ,B0888WHBHG,Shipped,1,GBP,28.7,4.98,,,,,,,"San Fernando de Henares (Madrid),",,28830,ES,,false,,,,false
9,026-9670306-0420352,026-9670306-0420352,2020-09-01T07:50:33+00:00,2020-09-01T21:53:31+00:00,Shipped,Amazon,Amazon.co.uk,,http://www.amazon.co.uk,Expedited,"Izas Tena Women's Sandal (Night Blue, Numeric_41)",IWFFO01051BM41 AMZ,B0888WHBHG,Shipped,1,GBP,28.7,4.98,,,,,,,"San Fernando de Henares (Madrid),",,28830,ES,,false,,,,false
10,302-4845552-2595563,302-4845552-2595563,2020-08-15T12:24:40+00:00,2020-09-04T11:46:58+00:00,Shipped,Amazon,Amazon.de,,,Expedited,IZAS Wandern Sandale,IWFFO01051BM41 AMZ,B0888WHBHG,Shipped,1,EUR,37.99,,,,,,,,Edewecht OT Friedrichsfehn,,26188,DE,,false,,,,false
11,304-9832610-3823500,,2020-08-16T16:49:35+00:00,2020-09-03T10:06:33+00:00,Shipped,Merchant,Amazon.de,,,Standard,IZAS Wandern Sandale,IWFFO01051BM41,B0888WHBHG,Shipped,1,EUR,37.99,,,,,,,,Bischofsheim,Bayern,97653,DE,,false,,,,false
12,304-8484097-5014735,304-8484097-5014735,2020-08-30T18:24:37+00:00,2020-08-31T19:53:41+00:00,Shipped,Amazon,Amazon.de,,,Expedited,IZAS Trekkinghose Wengen,IWPPA00579BK/FXL AMZ,B00R4L9HQ6,Shipped,1,EUR,54.99,,,,,,,,Geesthacht,,21502,DE,,false,,,,false
13,171-7316668-9165128,,2020-09-07T12:05:24+00:00,2020-09-07T12:10:08+00:00,Pending,Merchant,Amazon.es,,,Standard,"Izas Sutton Forro polar, Hombre, Gris Oscuro, M",IMLPF00352DGM,B01DBWYWQ6,Unshipped,1,EUR,15.99,,,,,,,,O Barco,Espa\xc3\xb1a - Espa\xc3\xb1ol,32300,ES,,false,,,,false
14,171-7316668-9165128,,2020-09-07T12:05:24+00:00,2020-09-07T12:10:08+00:00,Pending,Merchant,Amazon.es,,,Standard,"Izas - Sutton | para Hombre Gran Comodidad en el Cuello, y Mangas el\xc3\xa1sticas | Tejido c\xc3\xb3modo y abrigado. | Color: Royal | Talla: M | para Hombre",IMLPF00352RYM,B01DBX05SO,Unshipped,1,EUR,15.99,,,,,,,,O Barco,Espa\xc3\xb1a - Espa\xc3\xb1ol,32300,ES,,false,,,,false
15,S02-5369769-8851955,200827JO,2020-08-27T07:11:56+00:00,2020-09-07T11:52:34+00:00,Shipping,Amazon,Non-Amazon,,,Standard,"Izas Frosty II Sandalia Unisex Adulto (Black, 40)",IUFSD01410BK40 AMZ1,B07QCBMXB5,Unshipped,1,,,,,,,,,,Zaragoza,,50197,ES,,false,,,,false
16,S02-6145779-4246160,200827CQ,2020-08-27T07:07:46+00:00,2020-09-07T11:39:05+00:00,Shipping,Amazon,Non-Amazon,,,Standard,Izas Sandalia Tena,IWFFO01051TQ39 AMZ1,B06XT35WYF,Unshipped,2,,,,,,,,,,Zaragoza,,50197,ES,,false,,,,false
17,405-9938889-6955564,,2020-09-06T08:49:56+00:00,2020-09-07T11:02:30+00:00,Shipped,Merchant,Amazon.es,,,Standard,Izas Chaqueta Forro Polar Wheeler,IWLPF00565FX/BKM,B00R4LBKP2,Shipped,1,EUR,16.99,,,,,,,,Valdeluz,Gadalajara,19139,ES,,false,,,,false
18,S02-0983748-5887862,200723185,2020-07-23T07:26:42+00:00,2020-09-07T09:43:22+00:00,Shipping,Amazon,Non-Amazon,,,Standard,"Izas Nelion Camiseta t\xc3\xa9rmica, Hombre, Rojo, XXL",IMTTH00424RDXXL AMZ,B0185GY5GA,Unshipped,6,,,,,,,,,,Zaragoza,,50197,ES,,false,,,,false
19,S02-7776194-2189461,TARA 18-08,2020-08-18T08:07:31+00:00,2020-09-07T09:40:44+00:00,Shipping,Amazon,Non-Amazon,,,Standard,Izas Sandalia Tena,IWFFO01051TQ38 AMZ,B06XSKB3K3,Unshipped,2,,,,,,,,,,Zaragoza,,50197,ES,,false,,,,false
20,S02-7186275-9185567,200723VV,2020-07-23T07:19:16+00:00,2020-09-07T09:22:39+00:00,Shipping,Amazon,Non-Amazon,,,Standard,"Izas Outdoor Leeds, Sandalias Deportivas para Mujer, Wasabi Sand, 36 EU",IWFSD01412WB/SD36 AMZ,B07R67JBCD,Unshipped,1,,,,,,,,,,Zaragoza,,50197,ES,,false,,,,false
21,S02-5088283-2419551,TARAS 7-8,2020-08-07T06:44:45+00:00,2020-09-07T09:20:09+00:00,Shipping,Amazon,Non-Amazon,,,Standard,"Izas Tena Sandalia, Mujer (Wasabi, Numeric_41)",IWFFO01051WB41 AMZ,B07PVC3Z41,Unshipped,1,,,,,,,,,,Zaragoza,,50197,ES,,false,,,,false
22,S02-3273514-9576201,2008061TV7,2020-08-07T06:42:49+00:00,2020-09-07T08:47:17+00:00,Shipping,Amazon,Non-Amazon,,,Standard,Izas Sandalia Frosty,IUFFO00507BL36 AMZ,B00L5CNFQI,Unshipped,3,,,,,,,,,,Zaragoza,,50197,ES,,false,,,,false
23,402-2745526-5762769,,2020-09-04T20:19:58+00:00,2020-09-07T08:43:11+00:00,Shipped,Merchant,Amazon.es,,,Standard,"Izas Meldon Pantal\xc3\xb3n de monta\xc3\xb1a, Hombre, Multicolor (Negro/Gris Oscuro), M",IMPPA00379BK/DGM,B01DBXAU7A,Shipped,1,EUR,21.99,,,,,,,,Mutriku,Guip\xc3\xbazcoa,20830,ES,,false,,,,false
24,407-8447248-7209134,,2020-09-05T13:31:52+00:00,2020-09-07T08:41:43+00:00,Shipped,Merchant,Amazon.es,,,Standard,"Izas - Sutton | para Hombre Gran Comodidad en el Cuello, y Mangas el\xc3\xa1sticas | Tejido c\xc3\xb3modo y abrigado | Rojo |Tama\xc3\xb1o: XL | para: Hombre",IMLPF00352RDXL,B01DBWZTVS,Shipped,1,EUR,15.99,,,,,,,,Aranjuez,Madrid,28300,ES,,false,,,,false
25,171-0853743-4261900,,2020-09-05T08:33:25+00:00,2020-09-07T08:38:20+00:00,Shipped,Merchant,Amazon.es,,,Standard,"Izas Urubamba Pantalones Cortos de Monta\xc3\xb1a, Hombre, Gris Oscuro, M",IMPSH00399DGM,B01DBYSDX2,Shipped,1,EUR,15.99,,,,,,,,VILANOVA I LA GELTRU,Barcelona,08800,ES,,false,,,,false
26,402-6696456-1820352,,2020-09-05T11:49:33+00:00,2020-09-07T07:59:14+00:00,Shipped,Merchant,Amazon.es,,,Standard,Izas - Navia - Pantal\xc3\xb3n - Woman - Fuxia/Dark Grey - XS,IWPPA00881FX/DGXS,B01DAK6I70,Shipped,1,EUR,29.99,,,,,,,,Humanes,Guadalajara,19220,ES,,false,,,,false
27,407-3394274-7261135,,2020-09-05T13:31:45+00:00,2020-09-07T07:55:50+00:00,Shipped,Merchant,Amazon.es,,,Standard,Izas Forro Polar Ferni,IWLPF00558VI3XL,B01DAJY2ME,Shipped,1,EUR,15.99,,,,,,,,Barrio de lomba,Zamora,49396,ES,,false,,,,false
28,402-5325019-9872322,,2020-09-06T08:10:03+00:00,2020-09-07T07:44:35+00:00,Shipped,Merchant,Amazon.es,,,Standard,"Izas Meldon Pantal\xc3\xb3n de monta\xc3\xb1a, Hombre, Marr\xc3\xb3n (Stone), L",IMPPA00379STL,B01DBXBPAQ,Shipped,1,EUR,21.99,,,,,,,,Cerdanyola,Barcelona,08290,ES,,false,,,,false
29,406-0070027-3669154,,2020-09-06T16:03:49+00:00,2020-09-07T07:40:45+00:00,Shipped,Merchant,Amazon.es,,,Standard,Izas Chaqueta Forro Polar Wheeler,IWLPF00565FX/BKM,B00R4LBKP2,Shipped,1,EUR,16.99,,,,,,,,Herrera de los Navarros,Zaragoza,50150,ES,,false,,,,false
30,407-5412524-2332318,,2020-09-05T11:57:26+00:00,2020-09-07T07:31:36+00:00,Shipped,Merchant,Amazon.es,,,Standard,"Izas Outoor Eyre, Sandalias Deportivas para Mujer, Black Dark Grey, 39 EU",IWFSD01186BK/DG39,B07RF6Z4B9,Shipped,1,EUR,19.99,,,,,,,,Tona,Barcelona,08551,ES,,false,,,,false
31,171-1651341-7737931,,2020-09-05T15:12:09+00:00,2020-09-07T07:26:18+00:00,Shipped,Merchant,Amazon.es,,,Standard,"Izas Meldon Pantal\xc3\xb3n de monta\xc3\xb1a, Hombre, Multicolor (Negro/Gris Oscuro), 2XL",IMPPA00379BK/DGXXL,B01DBXAWK0,Shipped,1,EUR,21.99,,,,,,,,COLMENAREJO,MADRID,28270,ES,,false,,,,false
32,404-5644461-2369950,,2020-09-05T15:45:59+00:00,2020-09-07T07:24:35+00:00,Shipped,Merchant,Amazon.es,,,Standard,"Izas Dorota Pantalones Trekking, Mujer, Morado/Morado Oscuro, M",IWPPA00570PP/DPM,B07B137J8Z,Shipped,1,EUR,43.99,,,,,,,,Madrid,Madrid,28020,ES,,false,,,,false
33,408-0421226-3847508,,2020-09-05T21:26:28+00:00,2020-09-07T07:23:33+00:00,Shipped,Merchant,Amazon.es,,,Standard,"Izas Meldon Pantal\xc3\xb3n de monta\xc3\xb1a, Hombre, Multicolor (Stone/Dark Grey), L",IMPPA00379ST/DGL,B01DBXC5X2,Shipped,1,EUR,21.99,,,,,,,,RIBEIRA,A CORU\xc3\x91A,15969,ES,,false,,,,false
34,406-7287400-4727557,,2020-09-06T19:36:10+00:00,2020-09-07T06:34:31+00:00,Shipped,Merchant,Amazon.es,,,Standard,"Izas Orizaba Bermuda Stretch, Hombre",IMPSH00397STM,B01DBYO0S4,Shipped,1,EUR,13.99,,,,,,,,Vitoria-Gasteiz,\xc3\x81lava,01010,ES,,false,,,,false
35,402-2344687-7008344,402-2344687-7008344,2020-09-06T20:57:39+00:00,2020-09-07T01:54:30+00:00,Shipped,Amazon,Amazon.es,,,Expedited,"Izas Tena Sandalia, Mujer (Wasabi, Numeric_39)",IWFFO01051WB39 AMZ,B07PXCFZ7J,Shipped,1,EUR,34.99,,,,,,,,Elche,Alicante,03204,ES,,true,,,,false
36,408-8041927-6678729,408-8041927-6678729,2020-09-04T23:18:41+00:00,2020-09-07T01:08:29+00:00,Shipped,Amazon,Amazon.es,,,Expedited,Izas Chaqueta de Forro Polar Padru,IMLPF00348BK/RD4XL AMZ,B01FMQ1IGG,Shipped,1,EUR,18.99,,,,,,,,Collado Villalba,MADRID,28400,ES,,false,,,,false
37,406-7819684-2417923,406-7819684-2417923,2020-09-06T23:21:02+00:00,2020-09-06T23:21:05+00:00,Pending,Amazon,Amazon.es,,,Expedited,Izas Chaqueta Forro Polar Wheeler,IWLPF00565BK/FXXL AMZ,B071F4K6Y8,Unshipped,1,EUR,16.99,,,,,,,,Murcia,San Pedro del pinatar,30740,ES,,false,,,,false
38,403-1446445-7391546,403-1446445-7391546,2020-09-05T20:04:42+00:00,2020-09-06T21:40:06+00:00,Shipped,Amazon,Amazon.es,,,Expedited,"Izas Tena Sandalia, Mujer (Wasabi, Numeric_39)",IWFFO01051WB39 AMZ,B07PXCFZ7J,Shipped,1,EUR,34.99,,,,,,,,SOLLANA,VALENCIA,46430,ES,,false,,,,false
39,407-2501772-6862744,407-2501772-6862744,2020-09-06T00:26:36+00:00,2020-09-06T20:57:54+00:00,Pending,Amazon,Amazon.es,,,Expedited,"Izas Frisia Pantalones Cortos para Running, Mujer, Negro/Fuxia, 2XL",IWRRN00813BK/FXXXL AMZ,B01C76MZZC,Unshipped,1,EUR,21.99,,,,,,,,CORNELLA DE LLOBREGAT,Barcelona,08940,ES,,false,,,,false
40,406-9474802-4029142,406-9474802-4029142,2020-09-06T17:53:02+00:00,2020-09-06T17:55:01+00:00,Pending,Amazon,Amazon.es,,,Expedited,Izas Chaqueta Forro Polar Wheeler,IWLPF00565FX/BKS AMZ,B00R4LBMRI,Unshipped,1,EUR,16.99,,,,,,,,Barbastro,Huesca,22300,ES,,false,,,,false
41,408-0410191-3357920,408-0410191-3357920,2020-09-06T16:52:38+00:00,2020-09-06T16:52:41+00:00,Pending,Amazon,Amazon.es,,,Expedited,Izas Chaqueta Forro Polar Wheeler,IWLPF00565TQ/BKL AMZ,B0716SZ27S,Unshipped,1,EUR,16.99,,,,,,,,BURGOS,BURGOS,09002,ES,,false,,,,false
42,402-9896629-0710732,402-9896629-0710732,2020-09-06T12:17:04+00:00,2020-09-06T12:17:07+00:00,Pending,Amazon,Amazon.es,,,Expedited,"Izas Outdoor Leeds, Sandalias Deportivas para Mujer, Fuxia Light Rose, 40 EU",IWFSD01412FX/LR40 AMZ,B07R59763N,Unshipped,1,EUR,34.99,,,,,,,,ALCOBENDAS,MADRID,28108,ES,,false,,,,false
43,404-6999926-6267508,404-6999926-6267508,2020-09-06T11:34:59+00:00,2020-09-06T11:35:03+00:00,Pending,Amazon,Amazon.es,,,Expedited,Izas Chaqueta Forro Polar Wheeler,IWLPF00565FX/BKS AMZ,B00R4LBMRI,Unshipped,1,EUR,16.99,,,,,,,,Zaragoza,Zaragoza,50018,ES,,false,,,,false
44,407-4340750-1771551,407-4340750-1771551,2020-08-26T20:18:29+00:00,2020-09-06T06:21:31+00:00,Cancelled,Amazon,Amazon.es,,,Standard,"Izas Tena Sandalia, Mujer (Blanco, Numeric_40)",IWFFO01051WH40 AMZ,B0888K3W8P,Cancelled,0,,,,,,,,,,BERA,NAVARRA,31780,ES,ES Core Free Shipping 06/10/2016,false,,,,false
45,402-5295968-2701947,402-5295968-2701947,2020-08-24T15:05:45+00:00,2020-09-06T05:14:00+00:00,Cancelled,Amazon,Amazon.es,,,Expedited,"Izas Tena Sandalia, Mujer (Blanco, Numeric_40)",IWFFO01051WH40 AMZ,B0888K3W8P,Cancelled,0,,,,,,,,,,Madrid,Madrid,28035,ES,,false,,,,false
46,407-6547794-8165912,407-6547794-8165912,2020-09-05T21:15:59+00:00,2020-09-05T21:16:03+00:00,Pending,Amazon,Amazon.es,,,Expedited,"Izas Tena Sandalia, Mujer (Blanco, Numeric_37)",IWFFO01051WH37 AMZ,B0888VKTQM,Unshipped,1,EUR,34.99,,,,,,,,Chiva,Valencia,46370,ES,,false,,,,false
47,408-1032518-8673901,,2020-09-05T12:02:12+00:00,2020-09-05T15:10:17+00:00,Cancelled,Merchant,Amazon.es,,,Standard,"Izas - Sutton | para Hombre Gran Comodidad en el Cuello, y Mangas el\xc3\xa1sticas | Tejido c\xc3\xb3modo y abrigado | Rojo |Tama\xc3\xb1o: XL | para: Hombre",IMLPF00352RDXL,B01DBWZTVS,,0,,,,,,,,,,Aranjuez,Madrid,28300,ES,,false,,,,false
48,408-4055485-3561939,408-4055485-3561939,2020-09-04T10:33:59+00:00,2020-09-04T21:36:52+00:00,Shipped,Amazon,Amazon.es,,,Expedited,Izas Camiseta T\xc3\xa9rmica Anaga,IWTTH00598FXXS AMZ,B0185E6DSA,Shipped,1,EUR,13.99,,,,,,,,Quart de poblet,Valencia,46930,ES,,false,,,,false
49,405-8599996-8254767,,2020-09-03T15:12:06+00:00,2020-09-04T07:30:12+00:00,Shipped,Merchant,Amazon.es,,,Standard,"Izas Lenco Zapatilla Running, Unisex Adulto",IUFFO00509BK/DG46,B07PXDCTZR,Shipped,1,EUR,32.99,,,,,,,,lekeitio,vizcaya,48280,ES,,false,,,,false
50,S02-0096159-4527474,xk93iFu948,2020-09-03T18:42:20+00:00,2020-09-03T18:42:33+00:00,Shipping,Amazon,Non-Amazon,,,Standard,"Izas Tena Sandalia, Mujer (Wasabi, Numeric_38)",IWFFO01051WB38 AMZ,B07PXCYGTJ,Unshipped,1,,,,,,,,,,,,,,,false,,,,false
51,404-1012283-1074758,404-1012283-1074758,2020-09-02T21:46:16+00:00,2020-09-03T18:29:33+00:00,Shipped,Amazon,Amazon.es,,,Expedited,Izas Forro Polar Ferni,IWLPF00558BKS AMZ,B01DAJTR7Y,Shipped,1,EUR,15.99,,,,,,,,Fuengirola,M\xc3\xa1laga,29640,ES,,false,,,,false
52,408-7436234-5011525,,2020-09-03T12:48:56+00:00,2020-09-03T12:49:49+00:00,Cancelled,Merchant,Amazon.es,,,Standard,"Izas Vari - Camiseta para Hombre, Multicolor, Talla XS",IMSTS00419DG/RDXS,B01DBZEUS8,,0,,,,,,,,,,Vitoria,Alava,01010,ES,,false,,,,false
53,405-1636280-6642721,,2020-09-02T11:54:15+00:00,2020-09-03T06:05:40+00:00,Shipped,Merchant,Amazon.es,,,Standard,"Izas Outoor Eyre, Sandalias Deportivas para Mujer, Black Dark Grey, 37 EU",IWFSD01186BK/DG37,B07RF6JBRP,Shipped,1,EUR,19.99,,,,,,,,Markaida,Bizkaia,48120,ES,,false,,,,false
54,406-5255823-4424300,,2020-09-02T10:49:02+00:00,2020-09-03T06:02:25+00:00,Shipped,Merchant,Amazon.es,,,Standard,"Izas Soar Pantalones Cortos de Monta\xc3\xb1a, Mujer",IWPSH00585TQ/LGS,B01DAKG4AG,Shipped,1,EUR,21.99,,,,,,,,Zaragoza,Zaragoza,50018,ES,,false,,,,false
55,402-0515889-8967562,402-0515889-8967562,2020-09-01T17:23:38+00:00,2020-09-03T00:59:35+00:00,Shipped,Amazon,Amazon.es,,,Expedited,Izas Chaqueta de Forro Polar Padru,IMLPF00348RD/BKXL AMZ,B071NWRJTJ,Shipped,1,EUR,18.99,,,,,,,,salamanca,salamanca,37005,ES,,false,,,,false
56,S02-5268901-6111452,200827G6,2020-08-27T07:09:48+00:00,2020-09-02T16:53:20+00:00,Shipped,Amazon,Non-Amazon,,,Standard,Izas Sandalia Ancelle,IWFFO00822BG/LL41 AMZ,B07B19SGQL,Unshipped,1,,,,,,,,,,Zaragoza,,50197,ES,,false,,,,false
57,403-1037929-1933954,403-1037929-1933954,2020-09-01T20:26:43+00:00,2020-09-02T14:04:10+00:00,Shipped,Amazon,Amazon.es,,,Expedited,Izas Chaqueta de Forro Polar Padru,IMLPF00348BK/RD4XL AMZ,B01FMQ1IGG,Shipped,1,EUR,18.99,,,,,,,,Siles,Ja\xc3\xa9n,23380,ES,,false,,,,false
58,403-7763330-9173127,,2020-08-27T11:27:27+00:00,2020-09-02T13:40:06+00:00,Shipped,Merchant,Amazon.es,,,Standard,Izas Sandalia Ancelle,IWFFO00822BK/SV38,B07B12G86G,Shipped,1,EUR,34.99,,,,,,,,Pol\xc3\xadcar,Granada,18516,ES,,false,,,,false
59,403-8222229-1696355,,2020-08-27T11:09:43+00:00,2020-09-02T13:39:33+00:00,Shipped,Merchant,Amazon.es,,,Standard,"Izas Tena Sandalia, Mujer (Wasabi, Numeric_37)",IWFFO01051WB37,B07PW8Z5WZ,Shipped,1,EUR,34.99,,,,,,,,Pol\xc3\xadcar,Granada,18516,ES,,false,,,,false
60,406-0149128-2491575,,2020-09-01T07:51:38+00:00,2020-09-02T07:38:26+00:00,Shipped,Merchant,Amazon.es,,,Standard,Izas Chaqueta Forro Polar Wheeler,IWLPF00565BK/FXL,B071LB2CRP,Shipped,1,EUR,16.99,,,,,,,,Sant boi de Llobregat,Barcelona,08830,ES,,false,,,,false
61,404-3776640-6565154,,2020-09-01T15:36:15+00:00,2020-09-02T07:14:24+00:00,Shipped,Merchant,Amazon.es,,,Standard,"Izas Orizaba Bermuda Stretch, Hombre",IMPSH00397STS,B01DBYNVNE,Shipped,1,EUR,16.99,,,,,,,,PUNTA UMBRIA,HUELVA,21100,ES,Amazon PLCC Free-Financing Universal Merchant AFD_49cb0bdc-0a8e-4ec0-adfb-78,false,,,,false
62,171-3700430-1677155,,2020-09-01T10:17:44+00:00,2020-09-02T06:37:27+00:00,Shipped,Merchant,Amazon.es,,,Standard,"Izas Orizaba Bermuda Stretch, Hombre",IMPSH00397STS,B01DBYNVNE,Shipped,1,EUR,16.99,,,,,,,,Le\xc3\xb3n,Le\xc3\xb3n,24008,ES,Amazon PLCC Free-Financing Universal Merchant AFD_49cb0bdc-0a8e-4ec0-adfb-78,false,,,,false
63,405-0134881-9024307,405-0134881-9024307,2020-08-31T20:41:25+00:00,2020-09-02T01:45:53+00:00,Shipped,Amazon,Amazon.es,,,Expedited,"Izas Forro Polar de Sutton de la Hombres Jersey, Hombre, Color Negro, tama\xc3\xb1o XXXXXXL",IMLPF00352BK6XL AMZ,B0725KJW3V,Shipped,2,EUR,31.98,,,,,,,,Valencia,Valencia,46018,ES,,false,,,,false
64,403-1337320-2368360,403-1337320-2368360,2020-08-31T21:36:32+00:00,2020-09-02T01:23:45+00:00,Shipped,Amazon,Amazon.es,,,Expedited,"Izas Tena Sandalia, Mujer (Wasabi, Numeric_38)",IWFFO01051WB38 AMZ,B07PXCYGTJ,Shipped,1,EUR,34.99,,,,,,,,Guadalajara,Guadalajara,19005,ES,,false,,,,false
65,171-1968897-2199530,171-1968897-2199530,2020-09-01T12:41:48+00:00,2020-09-02T01:12:00+00:00,Shipped,Amazon,Amazon.es,,,Expedited,Izas Chaqueta Forro Polar Wheeler,IWLPF00565VI/BKXL AMZ,B071F4J2LY,Shipped,1,EUR,16.99,,,,,,,,LAS ROZAS DE MADRID,Madrid,28290,ES,,false,,,,false
66,402-6285648-9165904,402-6285648-9165904,2020-08-29T16:35:44+00:00,2020-09-01T19:46:42+00:00,Shipped,Amazon,Amazon.es,,,Expedited,"Izas Tena Sandalia, Mujer (Wasabi, Numeric_39)",IWFFO01051WB39 AMZ,B07PXCFZ7J,Shipped,1,EUR,34.99,,,,,,,,VITORIA,,01009,ES,,false,,,,false
67,408-7037559-3633151,408-7037559-3633151,2020-08-30T21:39:31+00:00,2020-09-01T17:50:33+00:00,Shipped,Amazon,Amazon.es,,,Expedited,Izas Chaqueta Forro Polar Wheeler,IWLPF00565FX/BKS AMZ,B00R4LBMRI,Shipped,1,EUR,16.99,,3.95,,,,,,Benabarre,Espa\xc3\xb1a,22580,ES,,false,,,,false
68,402-8663767-5878761,402-8663767-5878761,2020-08-30T08:57:22+00:00,2020-09-01T17:20:43+00:00,Shipped,Amazon,Amazon.es,,,Standard,"Izas - Sutton - Black - L, para Hombre",IMLPF00352BKL AMZ,B01DBWXSR0,Shipped,1,EUR,10.99,,1.32,,,,,1.32,Soto de agues,Asturias,33993,ES,ES Core Free Shipping 06/10/2016,false,,,,false
69,404-5401160-9479504,,2020-08-14T06:58:49+00:00,2020-09-01T08:12:22+00:00,Shipped,Merchant,Amazon.es,,,Standard,"Izas Outoor Eyre, Sandalias Deportivas para Mujer, Black Dark Grey",IWFSD01186BK/DG39,B07RF6Z4B9,Shipped,1,EUR,19.99,,,,,,,,Sanlucar de Barrameda,Cadiz,11540,ES,,false,,,,false
70,404-5401160-9479504,,2020-08-14T06:58:49+00:00,2020-09-01T08:12:22+00:00,Shipped,Merchant,Amazon.es,,,Standard,"Izas Outdoor Leeds, Sandalias Deportivas para Mujer, Wasabi Sand",IWFSD01412WB/SD39,B07R65RTHF,Shipped,1,EUR,34.99,,,,,,,,Sanlucar de Barrameda,Cadiz,11540,ES,,false,,,,false
71,407-2489294-2677944,,2020-08-31T14:17:58+00:00,2020-09-01T08:02:38+00:00,Shipped,Merchant,Amazon.es,,,Standard,"Izas Orizaba Bermuda Stretch, Hombre",IMPSH00397SVS,B01DBYOUQG,Shipped,1,EUR,16.99,,,,,,,,Altea,Alicante,03590,ES,,false,,,,false
72,408-5218828-4645151,,2020-08-31T12:57:10+00:00,2020-09-01T07:29:31+00:00,Shipped,Merchant,Amazon.es,,,Standard,Izas - Talaia - Camiseta - Woman - Yellow Fluor/Black - M,IWRTS01035YF/BKM,B06XT5NKWH,Shipped,1,EUR,15.99,,,,,,,,LEON,LEON,24005,ES,,false,,,,false
73,406-5545018-8618755,,2020-08-31T16:19:21+00:00,2020-09-01T06:18:13+00:00,Shipped,Merchant,Amazon.es,,,Standard,"Izas Rhune Pantalones, Mujer, Agua Marina / Gris / Rosa, S",IWPPA01084DQ/SMS,B071HQ3NW9,Shipped,1,EUR,54.99,,,,,,,,Agramunt,Lleida,25310,ES,,false,,,,false
74,407-2676247-2635522,407-2676247-2635522,2020-08-31T12:15:27+00:00,2020-09-01T05:34:23+00:00,Shipped,Amazon,Amazon.es,,,Expedited,"Izas Tena Sandalia, Mujer (Wasabi, Numeric_38)",IWFFO01051WB38 AMZ,B07PXCYGTJ,Shipped,1,EUR,34.99,,,,,,,,Manlleu,Barcelona,08560,ES,,false,,,,false
75,405-2722488-9641911,405-2722488-9641911,2020-08-31T02:42:59+00:00,2020-09-01T01:47:19+00:00,Shipped,Amazon,Amazon.es,,,Expedited,Izas Sandalia Tena,IWFFO01051TQ38 AMZ,B06XSKB3K3,Shipped,1,EUR,34.99,,,,,,,,Madrid,Madrid,28035,ES,,false,,,,false
76,171-4134064-3419520,171-4134064-3419520,2020-08-31T10:41:26+00:00,2020-09-01T00:23:30+00:00,Shipped,Amazon,Amazon.es,,,Expedited,"Izas Outdoor Leeds, Sandalias Deportivas para Mujer, Wasabi Sand, 40 EU",IWFSD01412WB/SD40 AMZ,B07R6664NY,Shipped,1,EUR,34.99,,,,,,,,ALBACETE,ALBACETE,02005,ES,,false,,,,false
77,408-0350296-3788363,408-0350296-3788363,2020-08-31T20:30:44+00:00,2020-08-31T20:36:52+00:00,Cancelled,Amazon,Amazon.es,,,Expedited,Izas Sandalia Ancelle,IWFFO00822BK/SV41 AMZ1,B07B11L1JF,Cancelled,0,,,,,,,,,,Sang\xc3\xbcesa,Navarra,31400,ES,,false,,,,false
78,404-1557155-5721928,404-1557155-5721928,2020-08-29T13:53:32+00:00,2020-08-31T19:53:18+00:00,Shipped,Amazon,Amazon.es,,,Expedited,"Izas Frisia Pantalones Cortos para Running, Mujer, Negro/Fuxia, M",IWRRN00813BK/FXM AMZ,B01C76MZWK,Shipped,1,EUR,19.99,,,,,,,,Zeanuri,Bizkaia,48144,ES,,false,,,,false
79,403-3686063-5057930,403-3686063-5057930,2020-08-31T09:12:08+00:00,2020-08-31T17:56:14+00:00,Shipped,Amazon,Amazon.es,,,Expedited,"Izas Tena Sandalia, Mujer (Wasabi, Numeric_39)",IWFFO01051WB39 AMZ,B07PXCFZ7J,Shipped,1,EUR,34.99,,,,,,,,POZOBLANCO,ESPA\xc3\x91A,14400,ES,,false,,,,false
80,402-0613733-3675549,402-0613733-3675549,2020-08-30T21:54:09+00:00,2020-08-31T17:08:56+00:00,Shipped,Amazon,Amazon.es,,,Expedited,Izas Chaqueta Softshell Tahoe,IWWSF00605BK/FXXL AMZ,B010VVZG06,Shipped,1,EUR,52.99,,,,,,,,GUADALAJARA,GUADALAJARA,19002,ES,,false,,,,false
81,404-2828125-6971558,404-2828125-6971558,2020-09-07T11:00:27+00:00,2020-09-07T11:01:31+00:00,Pending,Amazon,Amazon.it,,http://www.amazon.it,Expedited,"IZAS Tena, Sandalo Sportivo Donna",IWFFO01051BK40 AMZ,B07PXFKSBS,Unshipped,1,EUR,34.99,,,,,,,,Milano,,20124,IT,,false,,,,false
82,403-4926413-0949966,403-4926413-0949966,2020-09-07T08:11:57+00:00,2020-09-07T08:13:01+00:00,Pending,Amazon,Amazon.it,,http://www.amazon.it,Expedited,"IZAS Tena, Sandalo Sportivo Donna",IWFFO01051TQ38 AMZ,B06XSKB3K3,Unshipped,1,EUR,34.99,,,,,,,,Milano,,20124,IT,,false,,,,false
83,407-3379785-0637930,,2020-09-06T15:47:27+00:00,2020-09-07T07:58:02+00:00,Shipped,Merchant,Amazon.it,,,Standard,"Izas IMEPS00780, Felpa Uomo, Nero (Nero/Rosso), L",IMEPS00780BK/RDL,B01FUL5HN8,Shipped,1,EUR,24.99,,3.95,,,,,,Pederobba,TV,31040,IT,,false,,,,false
84,171-5239792-0611547,171-5239792-0611547,2020-09-06T20:49:02+00:00,2020-09-07T01:53:30+00:00,Shipped,Amazon,Amazon.it,,,Expedited,"IZAS Wheeler, Giacca in Pile Donna, Turchese/Nero, M",IWLPF00565TQ/BKM AMZ,B071HQ63Z5,Shipped,1,EUR,16.99,,,,,,,,Osoppo,Udine,33010,IT,,false,,,,false
85,404-7745434-4641960,404-7745434-4641960,2020-09-05T14:41:38+00:00,2020-09-07T00:03:53+00:00,Shipped,Amazon,Amazon.it,,,Expedited,"IZAS Tena, Sandalo Sportivo Donna",IWFFO01051BK36 AMZ,B07PW88N4N,Shipped,1,EUR,34.99,,,,,,,,Mestre,Venezia,30174,IT,,false,,,,false
86,407-2153014-8716343,407-2153014-8716343,2020-09-05T17:03:22+00:00,2020-09-06T19:52:30+00:00,Shipped,Amazon,Amazon.it,,,Expedited,"IZAS Wheeler, Giacca in Pile Donna, Nero/Fuxia, 4XL",IWLPF00565BK/FX4XL AMZ,B071HQG9HF,Shipped,1,EUR,16.99,,,,,,,,Castenaso,Bologna,40055,IT,,false,,,,false
87,405-7557317-1428339,405-7557317-1428339,2020-09-06T15:23:03+00:00,2020-09-06T15:24:07+00:00,Pending,Amazon,Amazon.it,,http://www.amazon.it,Expedited,"Izas Padru, Felpa in Pile Uomo, Grigio Scuro/Nero, 4XL",IMLPF00348DG/BK4XL AMZ,B07285RL4M,Unshipped,1,EUR,16.99,,,,,,,,Milano,,20124,IT,,false,,,,false
88,171-8271778-1136368,171-8271778-1136368,2020-09-03T21:04:08+00:00,2020-09-05T21:59:37+00:00,Shipped,Amazon,Amazon.it,,http://www.amazon.it,Expedited,"Izas Wheeler Giacca di Pile, Fucsia, M",IWLPF00565FX/BKM AMZ1,B00R4LBKP2,Shipped,1,EUR,16.99,2.95,,,,,,,"San Fernando de Henares (Madrid),",,28830,ES,,false,,,,false
89,408-3887010-2880355,408-3887010-2880355,2020-09-05T09:44:33+00:00,2020-09-05T21:51:58+00:00,Shipped,Amazon,Amazon.it,,,Expedited,"Izas Wheeler Giacca di Pile, Fucsia, M",IWLPF00565FX/BKM AMZ1,B00R4LBKP2,Shipped,1,EUR,16.99,,3.99,,,,,,Buja,Udine,33030,IT,,false,,,,false
90,405-0057085-9208325,405-0057085-9208325,2020-09-03T23:28:57+00:00,2020-09-05T19:46:24+00:00,Shipped,Amazon,Amazon.it,,,Expedited,"IZAS Wheeler, Giacca in Pile Donna, Viola/Nero, M",IWLPF00565VI/BKM AMZ,B071VNCXF6,Shipped,1,EUR,16.99,,,,,,,,Torino,Italy,10126,IT,,false,,,,false
91,403-9892485-2191544,403-9892485-2191544,2020-09-04T08:27:03+00:00,2020-09-04T20:07:33+00:00,Shipped,Amazon,Amazon.it,,http://www.amazon.it,Standard,"IZAS Wheeler, Giacca in Pile Donna, Viola/Nero, S",IWLPF00565VI/BKS AMZ1,B071NWQW88,Shipped,1,EUR,16.99,2.95,,,,,,,"San Fernando de Henares (Madrid),",,28830,ES,,false,,,,false
92,405-8439648-1005962,405-8439648-1005962,2020-09-04T05:36:52+00:00,2020-09-04T13:53:31+00:00,Shipped,Amazon,Amazon.it,,,Expedited,Izas Creus Ii M,IMSTS01030YFM AMZ,B083LNQHDY,Shipped,1,EUR,10.99,,,,,,,,BRESCIA,,25124,IT,,false,,,,false
93,405-2942085-0698736,405-2942085-0698736,2020-09-04T05:34:49+00:00,2020-09-04T05:36:11+00:00,Cancelled,Amazon,Amazon.it,,,Expedited,Izas Creus Ii M,IMSTS01030YFM AMZ,B083LNQHDY,Cancelled,0,,,,,,,,,,brescia,BS,25124,IT,,false,,,,false
94,408-0825076-4128342,408-0825076-4128342,2020-09-03T17:25:18+00:00,2020-09-04T01:00:13+00:00,Shipped,Amazon,Amazon.it,,http://www.amazon.it,Expedited,"Izas IWWSF00605 - Giacca di montagna donna, colore Nero/Fuxia, taglia XS",IWWSF00605BK/FXXS AMZ,B00ORWYH0G,Shipped,1,EUR,52.99,9.2,,,,,,,"San Fernando de Henares (Madrid),",,28830,ES,,false,,,,false
95,402-9064228-0619502,402-9064228-0619502,2020-09-02T05:48:15+00:00,2020-09-02T23:51:45+00:00,Shipped,Amazon,Amazon.it,,,Standard,"IZAS Wheeler, Giacca in Pile Donna, Viola/Nero, M",IWLPF00565VI/BKM AMZ,B071VNCXF6,Shipped,1,EUR,16.99,,1.99,,,,,1.99,Firenzuola,Firenze,50033,IT,Free Shipping 2017/03/07 18-55-47-776,false,,,,false
96,407-0570917-7941169,407-0570917-7941169,2020-09-01T10:27:23+00:00,2020-09-02T21:52:39+00:00,Shipped,Amazon,Amazon.it,,http://www.amazon.it,Expedited,"IZAS Tena, Sandalo Sportivo Donna",IWFFO01051BK39 AMZ,B07PXCJH8R,Shipped,1,EUR,34.99,6.07,,,,,,,"San Fernando de Henares (Madrid),",,28830,ES,,false,,,,false
97,402-9759208-4002702,402-9759208-4002702,2020-08-31T20:11:17+00:00,2020-09-01T21:50:26+00:00,Shipped,Amazon,Amazon.it,,,Expedited,"IZAS Aletch, Pantaloni Elasticizzati Uomo, Nero/Grigio Scuro/Lime, L",IMPPA00354BK/DGL AMZ,B00R4HP37W,Shipped,1,EUR,59.99,,,,,,,,casalpusterlengo,lodi,26841,IT,,false,,,,false
98,404-8662107-7701932,404-8662107-7701932,2020-09-01T08:20:38+00:00,2020-09-01T20:12:24+00:00,Shipped,Amazon,Amazon.it,,http://www.amazon.it,Expedited,"IZAS Tena, Sandalo Sportivo Donna",IWFFO01051WB37 AMZ,B07PW8Z5WZ,Shipped,1,EUR,34.99,6.07,,,,,,,"San Fernando de Henares (Madrid),",,28830,ES,,false,,,,false
99,402-7228317-2273106,402-7228317-2273106,2020-09-01T08:33:13+00:00,2020-09-01T19:57:29+00:00,Shipped,Amazon,Amazon.it,,http://www.amazon.it,Expedited,"IZAS Wheeler, Giacca in Pile Donna, Viola/Nero, XXL",IWLPF00565VI/BKXXL AMZ1,B0716SZ27W,Shipped,1,EUR,16.99,2.95,,,,,,,"San Fernando de Henares (Madrid),",,28830,ES,,false,,,,false
100,408-9611486-4750747,408-9611486-4750747,2020-09-01T07:59:27+00:00,2020-09-01T16:56:14+00:00,Shipped,Amazon,Amazon.it,,,Expedited,"IZAS Tena, Sandalo Sportivo Donna",IWFFO01051BK39 AMZ,B07PXCJH8R,Shipped,1,EUR,34.99,,,,,,,,Milano,Milano,20127,IT,,false,,,,false
101,405-4544008-8628337,405-4544008-8628337,2020-08-31T09:48:31+00:00,2020-08-31T20:59:22+00:00,Shipped,Amazon,Amazon.it,,,Expedited,"IZAS Wheeler, Giacca in Pile Donna, Viola/Nero, XXL",IWLPF00565VI/BKXXL AMZ1,B0716SZ27W,Shipped,1,EUR,16.99,,,,,,,,Savigliano,CN,12038,IT,,false,,,,false
