,b'snapshot-date,sku,fnsku,asin,product-name,condition,sales-rank,product-group,total-quantity,sellable-quantity,unsellable-quantity,inv-age-0-to-90-days,inv-age-91-to-180-days,inv-age-181-to-270-days,inv-age-271-to-365-days,inv-age-365-plus-days,units-shipped-last-24-hrs,units-shipped-last-7-days,units-shipped-last-30-days,units-shipped-last-90-days,units-shipped-last-180-days,units-shipped-last-365-days,weeks-of-cover-t7,weeks-of-cover-t30,weeks-of-cover-t90,weeks-of-cover-t180,weeks-of-cover-t365,num-afn-new-sellers,num-afn-used-sellers,currency,your-price,sales-price,lowest-afn-new-price,lowest-afn-used-price,lowest-mfn-new-price,lowest-mfn-used-price,qty-to-be-charged-ltsf-12-mo,qty-in-long-term-storage-program,qty-with-removals-in-progress,projected-ltsf-12-mo,per-unit-volume,is-hazmat,in-bound-quantity,asin-limit,inbound-recommend-quantity,qty-to-be-charged-ltsf-6-mo,projected-ltsf-6-mo
0,2020-08-11T23:00:00+00:00,IWWSF00605BK/FXXS AMZ,X0014UPC15,B00ORWYH0G,Izas Chaqueta Softshell Tahoe,New,25444,gl_sports,1,1,0,1,0,0,0,0,0,0,0,1,1,1,Infinite,Infinite,13.0,26.0,52.0,1,0,EUR,52.99,52.99,52.99,0.00,58.99,0.00,0,0,,0.00,9935.805808,N,0,0,0,0,0.00
1,2020-08-11T23:00:00+00:00,IWLPF00565VI/BKXXL AMZ,X0014S8IYZ,B0716SZ27W,Izas Chaqueta Forro Polar Wheeler,New,17171,gl_sports,2,2,0,0,2,0,0,0,0,0,0,0,1,1,Infinite,Infinite,Infinite,52.0,104.0,2,0,EUR,16.99,16.99,12.95,0.00,14.99,0.00,0,0,,0.00,6045.79419,N,0,0,0,0,0.00
2,2020-08-11T23:00:00+00:00,IWLPF00565FX/BKXXL AMZ,X0014S8F6V,B00R4LBTEE,Izas Chaqueta Forro Polar Wheeler,New,17171,gl_sports,3,3,0,3,0,0,0,0,0,0,0,0,5,5,Infinite,Infinite,Infinite,15.6,31.2,2,0,EUR,16.99,16.99,16.99,0.00,14.99,0.00,0,0,,0.00,6424.718101,N,0,0,0,0,0.00
3,2020-08-11T23:00:00+00:00,IWLPF00565VI/BK3XL AMZ,X0014S88F9,B0719DHN6G,Izas Chaqueta Forro Polar Wheeler,New,17171,gl_sports,1,1,0,0,0,1,0,0,0,0,0,0,1,1,Infinite,Infinite,Infinite,26.0,52.0,1,0,EUR,16.99,16.99,16.99,0.00,14.99,0.00,0,0,,0.00,5265.011572,N,0,0,0,0,0.00
4,2020-08-11T23:00:00+00:00,IWYPD00933BR/DGM AMZ,X0014S7D4B,B075K53LQK,Izas Chaqueta de Fibra Ultraligera Ailama,New,14406,gl_sports,1,1,0,1,0,0,0,0,0,0,0,1,5,15,Infinite,Infinite,13.0,5.2,3.4666666666667,2,0,EUR,52.99,52.99,48.98,0.00,49.99,0.00,0,0,,0.00,6600.014499,N,0,0,0,0,0.00
5,2020-08-11T23:00:00+00:00,IWLPF00565FX/BK3XL AMZ,X0014S5C2B,B00R4LBEG2,Izas Chaqueta Forro Polar Wheeler,New,17171,gl_sports,2,2,0,0,0,2,0,0,0,0,0,0,3,3,Infinite,Infinite,Infinite,17.3333333333333,34.6666666666667,2,0,EUR,16.99,16.99,12.95,0.00,14.99,0.00,0,0,,0.00,5440.011937,N,0,0,0,0,0.00
6,2020-08-11T23:00:00+00:00,IWLPF00565FX/BKM AMZ,X0014S2ZZX,B00R4LBKP2,Izas Chaqueta Forro Polar Wheeler,New,17171,gl_sports,1,1,0,0,1,0,0,0,0,0,0,0,6,7,Infinite,Infinite,Infinite,4.3333333333333,7.4285714285714,2,0,EUR,16.99,16.99,16.99,0.00,14.99,0.00,0,0,,0.00,5715.372539,N,0,0,0,0,0.00
7,2020-08-11T23:00:00+00:00,IMYPD00916DQ/LM3XL AMZ,X0014S2BB1,B072HXL7B8,Izas Chaqueta de Fibra Ultraligera Sindu,New,18368,gl_sports,2,2,0,0,0,2,0,0,0,0,0,0,0,1,Infinite,Infinite,Infinite,Infinite,104.0,1,0,EUR,54.99,54.99,54.99,0.00,49.99,0.00,0,0,,0.00,11254.52471,N,0,0,0,0,0.00
8,2020-08-11T23:00:00+00:00,IMYPD00916DQ/LM4XL AMZ,X0014S2B93,B071LB25YR,Izas Chaqueta de Fibra Ultraligera Sindu,New,18368,gl_sports,2,2,0,0,0,2,0,0,0,0,0,0,0,1,Infinite,Infinite,Infinite,Infinite,104.0,2,0,EUR,49.99,49.99,46.98,0.00,49.99,0.00,0,0,,0.00,12505.027457,N,0,0,0,0,0.00
9,2020-08-11T23:00:00+00:00,IMLPF00348RD/BKXL AMZ,X0014S29UJ,B071NWRJTJ,Izas Chaqueta de Forro Polar Padru,New,21382,gl_sports,1,1,0,1,0,0,0,0,0,0,0,1,4,5,Infinite,Infinite,13.0,6.5,10.4,2,0,EUR,16.99,16.99,15.22,0.00,14.99,0.00,0,0,,0.00,6689.145722,N,0,0,0,0,0.00
10,2020-08-11T23:00:00+00:00,IUFFO00507DG/RD36 AMZ,X0011DVP6L,B0716PW96G,Izas Sandalia Frosty,New,9544,gl_sports,2,2,0,0,2,0,0,0,0,0,0,0,0,1,Infinite,Infinite,Infinite,Infinite,104.0,2,0,EUR,32.99,32.99,28.48,0.00,28.49,0.00,0,0,,0.00,11424.025104,N,0,0,0,0,0.00
11,2020-08-11T23:00:00+00:00,IUFFO00507DG/RD37 AMZ,X0011DVMI7,B071998684,Izas Sandalia Frosty,New,9544,gl_sports,2,2,0,0,2,0,0,0,0,0,0,0,0,0,Infinite,Infinite,Infinite,Infinite,Infinite,2,0,EUR,26.17,26.17,26.17,0.00,29.99,0.00,0,0,,0.00,7039.115856,N,0,0,0,0,0.00
12,2020-08-11T23:00:00+00:00,IUFFO00507DG/RD38 AMZ,X0011C972V,B071L6V7DW,Izas Sandalia Frosty,New,9544,gl_sports,2,2,0,0,2,0,0,0,0,0,0,0,0,0,Infinite,Infinite,Infinite,Infinite,Infinite,2,0,EUR,32.99,32.99,32.99,0.00,37.99,0.00,0,0,,0.00,10979.716828,N,0,0,0,0,0.00
13,2020-08-11T23:00:00+00:00,IMFSD01409BM/BV43 AMZ,X00117SJLV,B07PW97ZCF,"Sandalias Resistentes al Agua Tyne Izas (43 EU, Bluemoon/Blue River)",New,2545,gl_shoes,1,1,0,1,0,0,0,0,0,0,4,13,13,13,Infinite,1.0,1.0,2.0,4.0,1,0,EUR,34.99,34.99,34.99,0.00,34.99,0.00,0,0,,0.00,4950.010903,N,0,0,0,0,0.00
14,2020-08-11T23:00:00+00:00,IMFSD01409BR/OR39 AMZ,X00116FJVZ,B07PXG67PM,"Sandalias Resistentes al Agua Tyne Izas (39 EU, Brown/Orange)",New,2545,gl_shoes,2,2,0,2,0,0,0,0,0,0,1,1,1,1,Infinite,8.0,26.0,52.0,104.0,1,0,EUR,34.99,34.99,34.99,0.00,34.99,0.00,0,0,,0.00,6460.446191,N,0,0,0,0,0.00
15,2020-08-11T23:00:00+00:00,IMFSD01409BR/OR42 AMZ,X00116FE4R,B07NLFVJG8,"Sandalias Resistentes al Agua Tyne Izas (42 EU, Brown/Orange)",New,2545,gl_shoes,3,2,1,2,0,0,0,0,0,0,1,8,8,8,Infinite,8.0,3.25,6.5,13.0,1,0,EUR,34.99,34.99,34.99,0.00,34.99,0.00,0,0,,0.00,5517.612098,N,0,0,0,0,0.00
16,2020-08-11T23:00:00+00:00,IMFSD01409BR/OR45 AMZ,X00116FDSJ,B07PW97VX2,"Sandalias Resistentes al Agua Tyne Izas (45 EU, Brown/Orange)",New,2545,gl_shoes,2,2,0,2,0,0,0,0,0,1,2,2,2,2,2.0,4.0,13.0,26.0,52.0,1,0,EUR,34.99,34.99,34.99,0.00,34.99,0.00,0,0,,0.00,7970.897522,N,0,0,0,0,0.00
17,2020-08-11T23:00:00+00:00,IUFSD01410SM44 AMZ,X00116F6YF,B07QHG7DK1,"Izas Frosty II Sandalia Unisex Adulto (Smoke, 44)",New,0,gl_sports,1,1,0,1,0,0,0,0,0,0,0,1,1,1,Infinite,Infinite,13.0,26.0,52.0,1,0,EUR,31.99,31.99,31.99,0.00,34.99,0.00,0,0,,0.00,9237.395291,N,0,0,0,0,0.00
18,2020-08-11T23:00:00+00:00,IMFSD01409BR/OR41 AMZ,X00116F4OH,B07PVC7VV7,"Sandalias Resistentes al Agua Tyne Izas (41 EU, Brown/Orange)",New,2545,gl_shoes,3,3,0,3,0,0,0,0,0,1,2,7,7,7,3.0,6.0,5.5714285714286,11.1428571428571,22.2857142857143,1,0,EUR,34.99,34.99,34.99,0.00,34.99,0.00,0,0,,0.00,5586.012247,N,0,0,0,0,0.00
19,2020-08-11T23:00:00+00:00,IMFSD01409BM/BV41 AMZ,X00116EXZD,B07PXBSSYK,"Sandalias Resistentes al Agua Tyne Izas (41 EU, Bluemoon/Blue River)",New,2545,gl_shoes,3,3,0,3,0,0,0,0,0,0,2,4,4,4,Infinite,6.0,9.75,19.5,39.0,1,0,EUR,34.99,34.99,34.99,0.00,34.99,0.00,0,0,,0.00,5400.011894,N,0,0,0,0,0.00
20,2020-08-11T23:00:00+00:00,IWFFO00822BG/LL40 AMZ,X00116EX8P,B07B133M8L,Izas Sandalia Ancelle,New,1265,gl_sports,1,1,0,1,0,0,0,0,0,0,2,5,5,5,Infinite,2.0,2.6,5.2,10.4,1,0,EUR,34.99,34.99,34.99,0.00,33.99,0.00,0,0,,0.00,7270.253886,N,0,0,0,0,0.00
21,2020-08-11T23:00:00+00:00,IUFSD01410BK43 AMZ,X00116EF97,B07QGJBWKP,"Izas Frosty II Sandalia Unisex Adulto (Black, 43)",New,22434,gl_sports,1,1,0,1,0,0,0,0,0,0,1,2,3,3,Infinite,4.0,6.5,8.6666666666667,17.3333333333333,1,0,EUR,31.99,31.99,31.99,0.00,34.99,0.00,0,0,,0.00,8250.018144,N,0,0,0,0,0.00
22,2020-08-11T23:00:00+00:00,IWFFO00822BK/SV40 AMZ,X00116E7KJ,B07B12CZKZ,Izas Sandalia Ancelle,No Listing,1265,gl_sports,1,0,1,0,0,0,0,0,0,0,0,1,3,5,Infinite,Infinite,0.0,0.0,0.0,1,0,EUR,0.00,0.00,34.99,0.00,34.99,0.00,0,0,,0.00,7440.016327,N,0,0,0,0,0.00
23,2020-08-11T23:00:00+00:00,IWFSD01186BK/DG41 AMZ,X00116E2QD,B07RD6CZR8,"Izas Outoor Eyre, Sandalias Deportivas para Mujer, Black Dark Grey",No Listing,3981,gl_shoes,1,0,1,0,0,0,0,0,0,0,0,3,3,3,Infinite,Infinite,0.0,0.0,0.0,0,0,EUR,0.00,0.00,0.00,0.00,0.00,0.00,0,0,,0.00,5293.691603,N,0,0,0,0,0.00
24,2020-08-11T23:00:00+00:00,IUFSD01410SM45 AMZ,X00116DYOT,B07QHKBKVK,"Izas Frosty II Sandalia Unisex Adulto (Smoke, 45)",New,91453,gl_sports,1,1,0,1,0,0,0,0,0,0,1,2,2,2,Infinite,4.0,6.5,13.0,26.0,1,0,EUR,31.99,31.99,31.99,0.00,0.00,0.00,0,0,,0.00,8096.017766,N,0,0,0,0,0.00
25,2020-08-11T23:00:00+00:00,IUFSD01410BK44 AMZ,X00116DMGT,B07QHK1QQG,"Izas Frosty II Sandalia Unisex Adulto (Black, 44)",New,22434,gl_sports,1,1,0,0,1,0,0,0,0,0,0,0,0,0,Infinite,Infinite,Infinite,Infinite,Infinite,1,0,EUR,31.99,31.99,31.99,0.00,34.99,0.00,0,0,,0.00,4800.010551,N,0,0,0,0,0.00
26,2020-08-11T23:00:00+00:00,IUFSD01410SM43 AMZ,X00115AILR,B07QFDJYR8,"Izas Frosty II Sandalia Unisex Adulto (Smoke, 43)",New,22434,gl_sports,1,1,0,1,0,0,0,0,0,0,1,1,1,1,Infinite,4.0,13.0,26.0,52.0,1,0,EUR,31.99,31.99,31.99,0.00,34.99,0.00,0,0,,0.00,7463.516379,N,0,0,0,0,0.00
27,2020-08-11T23:00:00+00:00,IUFSD01410SM41 AMZ,X00115AICB,B07QHN38VR,"Izas Frosty II Sandalia Unisex Adulto (Smoke, 41)",New,0,gl_sports,1,1,0,0,1,0,0,0,0,0,0,0,0,0,Infinite,Infinite,Infinite,Infinite,Infinite,1,0,EUR,31.99,31.99,31.99,0.00,0.00,0.00,0,0,,0.00,5796.012753,N,0,0,0,0,0.00
28,2020-08-11T23:00:00+00:00,IWFSD01412FX/LR36 AMZ,X001159WRD,B07R58QWWH,"Izas Outdoor Leeds, Sandalias Deportivas para Mujer, Fuxia Light Rose",New,596,gl_shoes,2,2,0,2,0,0,0,0,0,0,0,3,3,3,Infinite,Infinite,8.6666666666667,17.3333333333333,34.6666666666667,1,0,EUR,34.99,34.99,34.99,0.00,34.99,0.00,0,0,,0.00,3325.007286,N,0,0,0,0,0.00
29,2020-08-11T23:00:00+00:00,IWFSD01412FX/LR38 AMZ,X001159V8N,B07R8F9BFS,"Izas Outdoor Leeds, Sandalias Deportivas para Mujer, Fuxia Light Rose",No Listing,596,gl_shoes,1,0,1,0,0,0,0,0,0,0,3,10,11,13,Infinite,0.0,0.0,0.0,0.0,0,0,EUR,0.00,0.00,0.00,0.00,0.00,0.00,0,0,,0.00,7656.016839,N,0,0,0,0,0.00
30,2020-08-11T23:00:00+00:00,IWFSD01412FX/LR40 AMZ,X001159PGB,B07R59763N,"Izas Outdoor Leeds, Sandalias Deportivas para Mujer, Fuxia Light Rose",New,596,gl_shoes,2,2,0,2,0,0,0,0,0,0,4,13,13,18,Infinite,2.0,2.0,4.0,5.7777777777778,1,0,EUR,34.99,34.99,34.99,0.00,34.99,0.00,0,0,,0.00,5997.61315,N,0,0,0,0,0.00
31,2020-08-11T23:00:00+00:00,IWFSD01412BM/CF40 AMZ,X001159H91,B07R67SN64,"Izas Outdoor Leeds, Sandalias Deportivas para Mujer, Bluemoon Coral Fluor",New,596,gl_shoes,1,1,0,1,0,0,0,0,0,0,3,25,25,28,Infinite,1.33333333333333,0.52,1.04,1.8571428571429,2,0,EUR,34.99,34.99,34.99,0.00,34.99,0.00,0,0,,0.00,5392.33185,N,0,0,0,0,0.00
32,2020-08-11T23:00:00+00:00,IWFFO00822BG/LL39 AMZ,X00113D0D7,B07B19Z3SQ,Izas Sandalia Ancelle,No Listing,1265,gl_sports,1,0,1,0,0,0,0,0,0,0,1,7,7,7,Infinite,0.0,0.0,0.0,0.0,0,0,EUR,0.00,0.00,0.00,0.00,0.00,0.00,0,0,,0.00,7223.931799,N,0,0,0,0,0.00
33,2020-08-11T23:00:00+00:00,IMFSD01409BM/BV44 AMZ,X00113CV7N,B07PYJPT1N,"Sandalias Resistentes al Agua Tyne Izas (44 EU, Bluemoon/Blue River)",New,2545,gl_shoes,1,1,0,1,0,0,0,0,0,1,4,10,10,10,1.0,1.0,1.3,2.6,5.2,1,0,EUR,34.99,34.99,34.99,0.00,34.99,0.00,0,0,,0.00,6969.0153,N,0,0,0,0,0.00
34,2020-08-11T23:00:00+00:00,IWFSD01412BM/CF38 AMZ,X00113C7QD,B07R59KR5R,"Izas Outdoor Leeds, Sandalias Deportivas para Mujer, Bluemoon Coral Fluor",New,596,gl_shoes,2,2,0,2,0,0,0,0,0,0,3,26,26,28,Infinite,2.66666666666667,1.0,2.0,3.7142857142857,1,0,EUR,34.99,34.99,34.99,0.00,34.99,0.00,0,0,,0.00,7128.015644,N,0,0,0,0,0.00
35,2020-08-11T23:00:00+00:00,IWFSD01412BM/CF39 AMZ,X00113C67N,B07R662NLH,"Izas Outdoor Leeds, Sandalias Deportivas para Mujer, Bluemoon Coral Fluor",New,596,gl_shoes,1,1,0,1,0,0,0,0,1,2,3,24,24,29,0.5,1.33333333333333,0.5416666666667,1.0833333333333,1.7931034482759,1,0,EUR,34.99,34.99,34.99,0.00,34.99,0.00,0,0,,0.00,7656.016839,N,0,0,0,0,0.00
36,2020-08-11T23:00:00+00:00,IWFSD01412BM/CF36 AMZ,X00113C5U1,B07R5777TD,"Izas Outdoor Leeds, Sandalias Deportivas para Mujer, Bluemoon Coral Fluor",New,596,gl_shoes,2,2,0,2,0,0,0,0,0,0,4,13,13,14,Infinite,2.0,2.0,4.0,7.4285714285714,1,0,EUR,34.99,34.99,34.99,0.00,34.99,0.00,0,0,,0.00,5021.531041,N,0,0,0,0,0.00
37,2020-08-11T23:00:00+00:00,IWFSD01412WB/SD40 AMZ,X00113C41V,B07R6664NY,"Izas Outdoor Leeds, Sandalias Deportivas para Mujer, Wasabi Sand",No Listing,596,gl_shoes,4,3,1,3,0,0,0,0,0,0,0,8,8,8,Infinite,Infinite,4.875,9.75,19.5,0,0,EUR,0.00,0.00,0.00,0.00,0.00,0.00,0,0,,0.00,6082.573332,N,0,0,0,0,0.00
38,2020-08-11T23:00:00+00:00,IMFSD01409BR/OR43 AMZ,X001107UDB,B07PYHQSRY,"Sandalias Resistentes al Agua Tyne Izas (43 EU, Brown/Orange)",New,2545,gl_shoes,1,1,0,1,0,0,0,0,0,0,1,8,8,8,Infinite,4.0,1.625,3.25,6.5,1,0,EUR,34.99,34.99,34.99,0.00,34.99,0.00,0,0,,0.00,6930.015198,N,0,0,0,0,0.00
39,2020-08-11T23:00:00+00:00,IMFSD01409BR/OR44 AMZ,X001107R07,B07PW95VCR,"Sandalias Resistentes al Agua Tyne Izas (44 EU, Brown/Orange)",New,2545,gl_shoes,2,2,0,2,0,0,0,0,0,0,2,4,4,4,Infinite,4.0,6.5,13.0,26.0,1,0,EUR,34.99,34.99,34.99,0.00,34.99,0.00,0,0,,0.00,6457.889213,N,0,0,0,0,0.00
40,2020-08-11T23:00:00+00:00,IWFSD01186BK/DG39 AMZ,X0010Z48HN,B07RF6Z4B9,"Izas Outoor Eyre, Sandalias Deportivas para Mujer, Black Dark Grey",No Listing,3981,gl_shoes,1,0,1,0,0,0,0,0,0,0,3,5,5,5,Infinite,0.0,0.0,0.0,0.0,0,0,EUR,0.00,0.00,0.00,0.00,0.00,0.00,0,0,,0.00,6762.014879,N,0,0,0,0,0.00
41,2020-08-11T23:00:00+00:00,IWFSD01412FX/LR37 AMZ,X0010Z3XGP,B07R66SFS3,"Izas Outdoor Leeds, Sandalias Deportivas para Mujer, Fuxia Light Rose",New,596,gl_shoes,1,1,0,1,0,0,0,0,0,1,3,11,12,13,1.0,1.33333333333333,1.1818181818182,2.1666666666667,4.0,1,0,EUR,34.99,34.99,34.99,0.00,34.99,0.00,0,0,,0.00,4704.010314,N,0,0,0,0,0.00
42,2020-08-11T23:00:00+00:00,IWFSD01412WB/SD36 AMZ,X0010Z3V3F,B07R67JBCD,"Izas Outdoor Leeds, Sandalias Deportivas para Mujer, Wasabi Sand",New,596,gl_shoes,1,1,0,1,0,0,0,0,0,1,2,8,8,12,1.0,2.0,1.625,3.25,4.3333333333333,2,0,EUR,34.99,34.99,28.59,0.00,34.99,0.00,0,0,,0.00,5040.011085,N,0,0,0,0,0.00
43,2020-08-11T23:00:00+00:00,IWYPD00933FX/BKL AMZ,X000RA6HO9,B074KCNMQ5,Izas Chaqueta de Fibra Ultraligera Ailama,No Listing,14406,gl_sports,3,3,0,0,0,3,0,0,0,0,0,0,0,0,Infinite,Infinite,Infinite,Infinite,Infinite,0,0,EUR,0.00,0.00,0.00,0.00,0.00,0.00,0,0,,0.00,8750.019209,N,0,0,0,0,0.00
44,2020-08-11T23:00:00+00:00,IWYPD00933AB/YWM AMZ,X000RA6DCF,B01MDLGN34,Izas Chaqueta de Fibra Ultraligera Ailama,No Listing,14406,gl_sports,3,3,0,0,0,3,0,0,0,0,0,0,0,0,Infinite,Infinite,Infinite,Infinite,Infinite,0,0,EUR,0.00,0.00,0.00,0.00,0.00,0.00,0,0,,0.00,7998.017566,N,0,0,0,0,0.00
45,2020-08-11T23:00:00+00:00,IWYPD00933AB/YWL AMZ,X000RA6D2F,B01M6W0RDA,Izas Chaqueta de Fibra Ultraligera Ailama,No Listing,14406,gl_sports,3,3,0,0,0,3,0,0,0,0,0,0,0,0,Infinite,Infinite,Infinite,Infinite,Infinite,0,0,EUR,0.00,0.00,0.00,0.00,0.00,0.00,0,0,,0.00,9000.019774,N,0,0,0,0,0.00
46,2020-08-11T23:00:00+00:00,IWYPD00933AB/YWS AMZ,X000RA6D25,B01M7OUHU4,Izas Chaqueta de Fibra Ultraligera Ailama,No Listing,14406,gl_sports,2,2,0,0,0,2,0,0,0,0,0,0,1,1,Infinite,Infinite,Infinite,52.0,104.0,0,0,EUR,0.00,0.00,0.00,0.00,0.00,0.00,0,0,,0.00,11520.025292,N,0,0,0,0,0.00
47,2020-08-11T23:00:00+00:00,IWYPD00933FX/BKM AMZ,X000RA63K7,B074KD9XZL,Izas Chaqueta de Fibra Ultraligera Ailama,No Listing,14406,gl_sports,3,3,0,0,0,3,0,0,0,0,0,0,0,0,Infinite,Infinite,Infinite,Infinite,Infinite,0,0,EUR,0.00,0.00,0.00,0.00,0.00,0.00,0,0,,0.00,9250.020339,N,0,0,0,0,0.00
48,2020-08-11T23:00:00+00:00,IWYPD00933FX/BKS AMZ,X000RA2BPX,B074KBWQ27,Izas Chaqueta de Fibra Ultraligera Ailama,No Listing,14406,gl_sports,3,3,0,0,0,3,0,0,0,0,0,0,0,0,Infinite,Infinite,Infinite,Infinite,Infinite,0,0,EUR,0.00,0.00,0.00,0.00,0.00,0.00,0,0,,0.00,10500.023051,N,0,0,0,0,0.00
49,2020-08-11T23:00:00+00:00,IMYPD00918BV/BMXL AMZ,X000R4R6RR,B01M5AIJLM,Izas Chaqueta Fibra Nasser,No Listing,19623,gl_sports,3,3,0,0,0,3,0,0,0,0,0,0,0,0,Infinite,Infinite,Infinite,Infinite,Infinite,0,0,EUR,0.00,0.00,0.00,0.00,0.00,0.00,0,0,,0.00,30361.026707,N,0,0,0,0,0.00
50,2020-08-11T23:00:00+00:00,IMYPD00918BV/BML AMZ,X000R4QXHB,B01M3P3NW7,Izas Chaqueta Fibra Nasser,No Listing,19623,gl_sports,3,3,0,0,0,3,0,0,0,0,0,0,0,0,Infinite,Infinite,Infinite,Infinite,Infinite,0,0,EUR,0.00,0.00,0.00,0.00,0.00,0.00,0,0,,0.00,12210.026784,N,0,0,0,0,0.00
51,2020-08-11T23:00:00+00:00,IMYPD00918BV/BMM AMZ,X000R4O67F,B01M7OUCKD,Izas Chaqueta Fibra Nasser,No Listing,19623,gl_sports,4,4,0,0,0,4,0,0,0,0,0,0,0,0,Infinite,Infinite,Infinite,Infinite,Infinite,0,0,EUR,0.00,0.00,0.00,0.00,0.00,0.00,0,0,,0.00,10800.023739,N,0,0,0,0,0.00
52,2020-08-11T23:00:00+00:00,IWYPD00933BK/FXM AMZ,X000R4FZLV,B01MCSSV51,Izas Chaqueta de Fibra Ultraligera Ailama,No Listing,14406,gl_sports,18,18,0,0,0,18,0,0,0,0,0,0,0,0,Infinite,Infinite,Infinite,Infinite,Infinite,0,0,EUR,0.00,0.00,0.00,0.00,0.00,0.00,0,0,,0.00,14041.127451,N,0,0,0,0,0.00
53,2020-08-11T23:00:00+00:00,IWFFO01049FX40 AMZ1,X000PSBUU9,B06XSKB14B,"Sandalias de exterior IZAS para hombre Pineta - Fuxia, talla 40 EU",No Listing,7266,gl_sports,1,1,0,1,0,0,0,0,0,1,1,1,1,1,1.0,4.0,13.0,26.0,52.0,0,0,EUR,0.00,0.00,0.00,0.00,0.00,0.00,0,0,,0.00,7068.015556,N,0,0,0,0,0.00
54,2020-08-11T23:00:00+00:00,IWFFO01051TQ41 AMZ,X000PRC4YV,B06XSV7RXY,Izas Sandalia Tena,New,548,gl_sports,2,2,0,2,0,0,0,0,0,3,5,19,24,30,0.6666666666666667,1.6,1.3684210526316,2.1666666666667,3.4666666666667,1,0,EUR,34.99,34.99,34.99,0.00,34.99,0.00,0,0,,0.00,6773.514903,N,0,0,0,0,0.00
55,2020-08-11T23:00:00+00:00,IWFFO01051TQ39 AMZ,X000PRBZ4L,B06XT35WYF,Izas Sandalia Tena,No Listing,548,gl_sports,1,0,1,0,0,0,0,0,0,0,0,13,17,27,Infinite,Infinite,0.0,0.0,0.0,0,0,EUR,0.00,0.00,0.00,0.00,0.00,0.00,0,0,,0.00,7257.305144,N,0,0,0,0,0.00
56,2020-08-11T23:00:00+00:00,IWFFO01051TQ36 AMZ,X000PRBNPH,B06XT2WNQH,Izas Sandalia Tena,No Listing,548,gl_sports,1,0,1,0,0,0,0,0,0,0,0,10,11,13,Infinite,Infinite,0.0,0.0,0.0,1,0,EUR,0.00,0.00,34.99,0.00,34.99,0.00,0,0,,0.00,7335.904148,N,0,0,0,0,0.00
57,2020-08-11T23:00:00+00:00,Uncommingled.MSKU.1591282258729,X000PRBN1L,B06XSKB3K3,Izas Sandalia Tena,No Listing,548,gl_sports,1,1,0,1,0,0,0,0,0,2,4,4,4,4,0.5,1.0,3.25,6.5,13.0,0,0,EUR,0.00,0.00,0.00,0.00,0.00,0.00,0,0,,0.00,6882.765159,N,0,0,0,0,0.00
58,2020-08-11T23:00:00+00:00,IWFFO01051TQ37 AMZ,X000PR28QZ,B06XSS38G4,Izas Sandalia Tena,No Listing,548,gl_sports,3,2,1,2,0,0,0,0,0,0,0,10,12,18,Infinite,Infinite,2.6,4.3333333333333,5.7777777777778,0,0,EUR,0.00,0.00,0.00,0.00,0.00,0.00,0,0,,0.00,7068.015556,N,0,0,0,0,0.00
59,2020-08-11T23:00:00+00:00,IWFFO01051TQ40 AMZ,X000PQXIMJ,B06XT1K9X3,Izas Sandalia Tena,No Listing,548,gl_sports,1,0,1,0,0,0,0,0,0,0,0,12,16,26,Infinite,Infinite,0.0,0.0,0.0,1,0,EUR,0.00,0.00,34.99,0.00,34.99,0.00,0,0,,0.00,6773.514903,N,0,0,0,0,0.00
60,2020-08-11T23:00:00+00:00,IWFFO01049FX40 AMZ,X000OZ3AU1,B06XSK9WK1,Izas Sandalia Pineta,No Listing,40248,gl_sports,1,0,1,0,0,0,0,0,0,0,0,8,8,8,Infinite,Infinite,0.0,0.0,0.0,0,0,EUR,0.00,0.00,0.00,0.00,0.00,0.00,0,0,,0.00,6773.514903,N,0,0,0,0,0.00
61,2020-08-11T23:00:00+00:00,IUFFO00507BL35 AMZ,X000OYZIVV,B00L5CNF5Y,Izas Sandalia Frosty,New,9544,gl_shoes,2,2,0,0,2,0,0,0,0,0,0,0,0,0,Infinite,Infinite,Infinite,Infinite,Infinite,1,0,EUR,29.99,29.99,29.99,0.00,0.00,0.00,0,0,,0.00,9792.021509,N,0,0,0,0,0.00
62,2020-08-11T23:00:00+00:00,IUFFO00507BL38 AMZ,X000OYXHOV,B00L5CNFD6,Izas Sandalia Frosty,New,9544,gl_sports,2,2,0,1,1,0,0,0,0,0,1,2,2,4,Infinite,8.0,13.0,26.0,26.0,2,0,EUR,32.99,32.99,30.45,0.00,29.99,0.00,0,0,,0.00,9792.021509,N,0,0,0,0,0.00
63,2020-08-11T23:00:00+00:00,IUFFO00507BL37 AMZ,X000OYXHNR,B00L5CNFPY,Izas Sandalia Frosty,New,9544,gl_sports,3,3,0,0,3,0,0,0,0,0,0,0,0,0,Infinite,Infinite,Infinite,Infinite,Infinite,1,0,EUR,29.99,29.99,29.99,0.00,29.00,0.00,0,0,,0.00,9792.021509,N,0,0,0,0,0.00
64,2020-08-11T23:00:00+00:00,IUFFO00507DG/BV44 AMZ,X000OYLLC1,B071RYV6LV,Izas Sandalia Frosty,New,9544,gl_sports,1,1,0,0,1,0,0,0,0,0,1,1,1,3,Infinite,4.0,13.0,26.0,17.3333333333333,2,0,EUR,32.99,32.99,24.80,0.00,29.99,0.00,0,0,,0.00,10282.702017,N,0,0,0,0,0.00
65,2020-08-11T23:00:00+00:00,IUFFO00507BL44 AMZ,X000OY5KE1,B00L5CNW4S,Izas Sandalia Frosty,New,9544,gl_sports,2,2,0,2,0,0,0,0,0,0,1,3,3,4,Infinite,8.0,8.6666666666667,17.3333333333333,26.0,2,0,EUR,28.40,28.40,28.15,0.00,0.00,0.00,0,0,,0.00,9951.141856,N,0,0,0,0,0.00
66,2020-08-11T23:00:00+00:00,IUFFO00507BL36 AMZ,X000OXS873,B00L5CNFQI,Izas Sandalia Frosty,New,9544,gl_sports,3,3,0,0,3,0,0,0,0,0,0,0,0,0,Infinite,Infinite,Infinite,Infinite,Infinite,2,0,EUR,29.99,29.99,23.26,0.00,29.00,0.00,0,0,,0.00,9982.751097,N,0,0,0,0,0.00
67,2020-08-11T23:00:00+00:00,IUFFO00507BL39 AMZ,X000OXKGB9,B00L5CNNQK,Izas Sandalia Frosty,New,9544,gl_sports,1,1,0,0,1,0,0,0,0,0,0,1,1,2,Infinite,Infinite,13.0,26.0,26.0,1,0,EUR,32.99,32.99,32.99,0.00,29.99,0.00,0,0,,0.00,10084.784736,N,0,0,0,0,0.00
68,2020-08-11T23:00:00+00:00,IWWSF00605BK/FXXL AMZ,X000ONK0M9,B010VVZG06,Izas Chaqueta Softshell Tahoe,New,25444,gl_sports,1,1,0,1,0,0,0,0,0,0,0,0,1,3,Infinite,Infinite,Infinite,26.0,17.3333333333333,2,0,EUR,52.99,52.99,49.95,0.00,58.49,0.00,0,0,,0.00,5280.011586,N,0,0,0,0,0.00
69,2020-08-11T23:00:00+00:00,IMPPA00358DG/BKXXL AMZ,X000ONGMAX,B00R4IGU8M,Izas Pantalones Trekking Chamonix,No Listing,27455,gl_sports,8,8,0,0,0,8,0,0,0,0,0,0,0,0,Infinite,Infinite,Infinite,Infinite,Infinite,0,0,EUR,0.00,0.00,0.00,0.00,0.00,0.00,0,0,,0.00,3920.008614,N,0,0,0,0,0.00
70,2020-08-11T23:00:00+00:00,IMPPA00358BK/DGM AMZ,X000ONBXWZ,B00ORWVTIY,Izas Pantalones Trekking Chamonix,New,0,gl_sports,3,3,0,3,0,0,0,0,0,0,0,0,0,3,Infinite,Infinite,Infinite,Infinite,52.0,2,0,EUR,45.78,45.78,40.98,0.00,47.99,0.00,0,0,,0.00,5096.01118,N,0,0,0,0,0.00
71,2020-08-11T23:00:00+00:00,IWWSF00605BK/FXM AMZ,X000ON7NX3,B00ORWYJZO,Izas Chaqueta Softshell Tahoe,New,25444,gl_sports,1,1,0,1,0,0,0,0,0,0,1,2,5,6,Infinite,4.0,6.5,5.2,8.6666666666667,1,0,EUR,47.35,47.35,47.35,0.00,52.99,0.00,0,0,,0.00,4389.009628,N,0,0,0,0,0.00
72,2020-08-11T23:00:00+00:00,IMSTS01030YFXS AMZ,B08C2J9PSL,B08C2J9PSL,Camiseta Manga Corta Creus II,New,37985,gl_apparel,2,2,0,2,0,0,0,0,0,0,0,0,0,0,Infinite,Infinite,Infinite,Infinite,Infinite,1,0,EUR,9.99,9.99,9.99,0.00,9.99,0.00,0,0,,0.00,1730.563792,N,0,0,0,0,0.00
73,2020-08-11T23:00:00+00:00,IWFFO01051BM39 AMZ,B0888WKBKS,B0888WKBKS,"Izas Tena Sandalia, Mujer (Azul Noche, Numeric_39)",New,548,gl_shoes,4,4,0,4,0,0,0,0,0,0,9,30,30,30,Infinite,1.77777777777778,1.7333333333333,3.4666666666667,6.9333333333333,1,0,EUR,34.99,34.99,34.99,0.00,0.00,0.00,0,0,,0.00,4480.009866,N,0,0,0,0,0.00
74,2020-08-11T23:00:00+00:00,IWFFO01051BM41 AMZ,B0888WHBHG,B0888WHBHG,"Izas Tena Sandalia, Mujer (Azul Noche, Numeric_41)",New,548,gl_shoes,3,3,0,3,0,0,0,0,0,1,7,27,27,27,3.0,1.71428571428571,1.4444444444444,2.8888888888889,5.7777777777778,1,0,EUR,34.99,34.99,34.99,0.00,34.99,0.00,0,0,,0.00,3480.007654,N,0,0,0,0,0.00
75,2020-08-11T23:00:00+00:00,IWFFO01051WI41 AMZ,B0888WD7ML,B0888WD7ML,"Izas Tena Sandalia, Mujer",New,47426,gl_sports,6,6,0,6,0,0,0,0,0,0,1,2,2,2,Infinite,24.0,39.0,78.0,156.0,1,0,EUR,34.99,34.99,34.99,0.00,0.00,0.00,0,0,,0.00,6720.01479,N,0,0,0,0,0.00
76,2020-08-11T23:00:00+00:00,IWFFO01051BM37 AMZ,B0888W7T8P,B0888W7T8P,"Izas Tena Sandalia, Mujer (Azul Noche, Numeric_37)",New,548,gl_shoes,1,1,0,1,0,0,0,0,1,3,11,23,23,23,1.3333333333333333,1.45454545454545,2.2608695652174,4.5217391304348,9.0434782608696,1,0,EUR,34.99,34.99,34.99,0.00,0.00,0.00,0,0,,0.00,4576.010037,N,3,0,0,0,0.00
77,2020-08-11T23:00:00+00:00,IWFFO01051WI39 AMZ,B0888W7RRR,B0888W7RRR,"Izas Tena Sandalia, Mujer",New,548,gl_sports,12,12,0,12,0,0,0,0,0,0,3,20,20,20,Infinite,16.0,7.8,15.6,31.2,1,0,EUR,34.99,34.99,34.99,0.00,0.00,0.00,0,0,,0.00,5376.01179,N,0,0,0,0,0.00
78,2020-08-11T23:00:00+00:00,IWFFO01051WI38 AMZ,B0888VZ6RN,B0888VZ6RN,"Izas Tena Sandalia, Mujer",New,548,gl_sports,14,14,0,14,0,0,0,0,0,1,6,20,20,20,14.0,9.33333333333333,9.1,18.2,36.4,1,0,EUR,34.99,34.99,34.99,0.00,0.00,0.00,0,0,,0.00,3240.007087,N,0,0,0,0,0.00
79,2020-08-11T23:00:00+00:00,IWFFO01051BM36 AMZ,B0888VYLH4,B0888VYLH4,"Izas Tena Sandalia, Mujer (Azul Noche, Numeric_36)",New,548,gl_shoes,6,6,0,6,0,0,0,0,1,2,6,11,11,11,3.0,4.0,7.0909090909091,14.1818181818182,28.3636363636364,1,0,EUR,34.99,34.99,34.99,0.00,34.99,0.00,0,0,,0.00,2600.005718,N,0,0,0,0,0.00
80,2020-08-11T23:00:00+00:00,IWFFO01051WH41 AMZ,B0888VWK96,B0888VWK96,"Izas Tena Sandalia, Mujer",No Listing,296305,gl_sports,9,9,0,9,0,0,0,0,0,0,0,1,1,1,Infinite,Infinite,117.0,234.0,468.0,0,0,EUR,0.00,0.00,0.00,0.00,0.00,0.00,0,0,,0.00,5104.011231,N,0,0,0,0,0.00
81,2020-08-11T23:00:00+00:00,IWFFO01051WH36 AMZ,B0888VMVBN,B0888VMVBN,"Izas Tena Sandalia, Mujer (Blanco, Numeric_36)",New,548,gl_shoes,15,15,0,15,0,0,0,0,0,0,8,13,13,13,Infinite,7.5,15.0,30.0,60.0,1,0,EUR,34.99,34.99,34.99,0.00,0.00,0.00,0,0,,0.00,2943.622459,N,0,0,0,0,0.00
82,2020-08-11T23:00:00+00:00,IWFFO01051BM38 AMZ,B0888VLKYR,B0888VLKYR,"Izas Tena Sandalia, Mujer (Azul Noche, Numeric_38)",New,548,gl_shoes,2,1,1,1,0,0,0,0,1,8,21,56,56,56,0.375,0.57142857142857,0.6964285714286,1.3928571428571,2.7857142857143,1,0,EUR,34.99,34.99,34.99,0.00,34.99,0.00,0,0,,0.00,2970.006525,N,2,0,0,0,0.00
83,2020-08-11T23:00:00+00:00,IWFFO01051WH37 AMZ,B0888VKTQM,B0888VKTQM,"Izas Tena Sandalia, Mujer (Blanco, Numeric_37)",No Listing,548,gl_shoes,1,1,0,1,0,0,0,0,0,5,18,43,43,43,0.2,0.22222222222222,0.3023255813953,0.6046511627907,1.2093023255814,0,0,EUR,0.00,0.00,0.00,0.00,0.00,0.00,0,0,,0.00,3781.192294,N,0,0,0,0,0.00
84,2020-08-11T23:00:00+00:00,IWFFO01051WH39 AMZ,B0888V9TYC,B0888V9TYC,"Izas Tena Sandalia, Mujer (Blanco, Numeric_39)",New,548,gl_shoes,5,5,0,5,0,0,0,0,1,4,9,26,26,26,1.25,2.22222222222222,2.5,5.0,10.0,1,0,EUR,34.99,34.99,34.99,0.00,0.00,0.00,0,0,,0.00,3567.207838,N,0,0,0,0,0.00
85,2020-08-11T23:00:00+00:00,IWFFO01051BM40 AMZ,B0888V7RD5,B0888V7RD5,"Izas Tena Sandalia, Mujer (Azul Noche, Numeric_40)",New,548,gl_shoes,7,6,1,6,0,0,0,0,1,3,14,45,45,45,2.0,1.71428571428571,1.7333333333333,3.4666666666667,6.9333333333333,1,0,EUR,34.99,34.99,34.99,0.00,34.99,0.00,0,0,,0.00,3920.008647,N,0,0,0,0,0.00
86,2020-08-11T23:00:00+00:00,IWFFO01051WI37 AMZ,B0888TNGLR,B0888TNGLR,"Izas Tena Sandalia, Mujer",New,548,gl_sports,7,7,0,7,0,0,0,0,0,1,1,1,1,1,7.0,28.0,91.0,182.0,364.0,1,0,EUR,34.99,34.99,34.99,0.00,0.00,0.00,0,0,,0.00,4500.009879,N,0,0,0,0,0.00
87,2020-08-11T23:00:00+00:00,IWFFO01051WI36 AMZ,B0888TKD4L,B0888TKD4L,"Izas Tena Sandalia, Mujer",New,548,gl_sports,6,6,0,6,0,0,0,0,0,1,2,2,2,2,6.0,12.0,39.0,78.0,156.0,1,0,EUR,34.99,34.99,34.99,0.00,0.00,0.00,0,0,,0.00,6084.013397,N,0,0,0,0,0.00
88,2020-08-11T23:00:00+00:00,IWFFO01051WI40 AMZ,B0888TFXZY,B0888TFXZY,"Izas Tena Sandalia, Mujer",New,56780,gl_sports,6,6,0,6,0,0,0,0,0,0,1,1,1,1,Infinite,24.0,78.0,156.0,312.0,1,0,EUR,34.99,34.99,34.99,0.00,0.00,0.00,0,0,,0.00,4928.010828,N,0,0,0,0,0.00
89,2020-08-11T23:00:00+00:00,IWFFO01051WH40 AMZ,B0888K3W8P,B0888K3W8P,"Izas Tena Sandalia, Mujer (Blanco, Numeric_40)",New,548,gl_shoes,5,5,0,5,0,0,0,0,0,2,18,46,46,46,2.5,1.11111111111111,1.4130434782609,2.8260869565217,5.6521739130435,1,0,EUR,34.99,34.99,34.99,0.00,34.99,0.00,0,0,,0.00,5454.011977,N,0,0,0,0,0.00
90,2020-08-11T23:00:00+00:00,IMSTS01030YFM AMZ,B083LNQHDY,B083LNQHDY,Camiseta Manga Corta Creus II,New,0,gl_apparel,4,4,0,4,0,0,0,0,0,0,0,0,0,0,Infinite,Infinite,Infinite,Infinite,Infinite,1,0,EUR,9.99,9.99,9.99,0.00,9.99,0.00,0,0,,0.00,1730.563792,N,0,0,0,0,0.00
91,2020-08-11T23:00:00+00:00,IMSTS01030YF3XL AMZ,B083LLYWHS,B083LLYWHS,Camiseta Manga Corta Creus II,New,0,gl_apparel,2,2,0,2,0,0,0,0,0,0,0,0,0,0,Infinite,Infinite,Infinite,Infinite,Infinite,1,0,EUR,9.99,9.99,9.99,0.00,9.99,0.00,0,0,,0.00,1730.563792,N,0,0,0,0,0.00
92,2020-08-11T23:00:00+00:00,IMSTS01030YF4XL AMZ,B083LKZJT4,B083LKZJT4,Camiseta Manga Corta Creus II,New,0,gl_apparel,2,2,0,2,0,0,0,0,0,0,0,0,0,0,Infinite,Infinite,Infinite,Infinite,Infinite,1,0,EUR,9.99,9.99,9.99,0.00,9.99,0.00,0,0,,0.00,1730.563792,N,0,0,0,0,0.00
93,2020-08-11T23:00:00+00:00,IMSTS01030YFXL AMZ,B083LJYJZC,B083LJYJZC,Camiseta Manga Corta Creus II,New,0,gl_apparel,4,4,0,4,0,0,0,0,0,0,0,0,0,0,Infinite,Infinite,Infinite,Infinite,Infinite,1,0,EUR,9.99,9.99,9.99,0.00,9.99,0.00,0,0,,0.00,1730.563792,N,0,0,0,0,0.00
94,2020-08-11T23:00:00+00:00,IMSTS01030YFXXL AMZ,B083LC9HKW,B083LC9HKW,Camiseta Manga Corta Creus II,New,0,gl_apparel,3,3,0,3,0,0,0,0,0,0,0,0,0,0,Infinite,Infinite,Infinite,Infinite,Infinite,1,0,EUR,9.99,9.99,9.99,0.00,9.99,0.00,0,0,,0.00,1730.563792,N,0,0,0,0,0.00
95,2020-08-11T23:00:00+00:00,IMSTS01030YFL AMZ,B083LB2QK6,B083LB2QK6,Camiseta Manga Corta Creus II,New,0,gl_apparel,4,4,0,4,0,0,0,0,0,0,0,0,0,0,Infinite,Infinite,Infinite,Infinite,Infinite,1,0,EUR,9.99,9.99,9.99,0.00,9.99,0.00,0,0,,0.00,1730.563792,N,0,0,0,0,0.00
96,2020-08-11T23:00:00+00:00,IMSTS01030YFS AMZ,B083L7V6H1,B083L7V6H1,Camiseta Manga Corta Creus II,New,0,gl_apparel,3,3,0,3,0,0,0,0,0,0,0,0,0,0,Infinite,Infinite,Infinite,Infinite,Infinite,1,0,EUR,9.99,9.99,9.99,0.00,9.99,0.00,0,0,,0.00,1730.563792,N,0,0,0,0,0.00
97,2020-08-11T23:00:00+00:00,IUFSD01410SM41 AMZ1,B07QHN38VR,B07QHN38VR,"Izas Frosty II Sandalia Unisex Adulto (Smoke, 41)",New,0,gl_sports,1,1,0,1,0,0,0,0,0,0,0,1,1,1,Infinite,Infinite,13.0,26.0,52.0,1,0,EUR,31.99,31.99,31.99,0.00,0.00,0.00,0,0,,0.00,5796.012753,N,0,0,0,0,0.00
98,2020-08-11T23:00:00+00:00,IUFSD01410SM39 AMZ1,B07QHM9CZ1,B07QHM9CZ1,"Izas Frosty II Sandalia Unisex Adulto (Smoke, 39)",New,22434,gl_sports,1,1,0,1,0,0,0,0,0,0,1,1,1,1,Infinite,4.0,13.0,26.0,52.0,1,0,EUR,34.99,34.99,34.99,0.00,0.00,0.00,0,0,,0.00,6210.013678,N,0,0,0,0,0.00
99,2020-08-11T23:00:00+00:00,IUFSD01410BK44 AMZ1,B07QHK1QQG,B07QHK1QQG,"Izas Frosty II Sandalia Unisex Adulto (Black, 44)",New,22434,gl_sports,1,1,0,1,0,0,0,0,0,0,0,0,0,0,Infinite,Infinite,Infinite,Infinite,Infinite,1,0,EUR,31.99,31.99,31.99,0.00,34.99,0.00,0,0,,0.00,4800.010551,N,0,0,0,0,0.00
100,2020-08-11T23:00:00+00:00,IUFSD01410SM44 AMZ1,B07QHG7DK1,B07QHG7DK1,"Izas Frosty II Sandalia Unisex Adulto (Smoke, 44)",New,0,gl_sports,1,1,0,1,0,0,0,0,0,0,0,0,0,0,Infinite,Infinite,Infinite,Infinite,Infinite,1,0,EUR,31.99,31.99,31.99,0.00,34.99,0.00,0,0,,0.00,9237.395291,N,0,0,0,0,0.00
101,2020-08-11T23:00:00+00:00,IUFSD01410BK41 AMZ1,B07QGJL1YQ,B07QGJL1YQ,"Izas Frosty II Sandalia Unisex Adulto (Black, 41)",New,22434,gl_sports,1,1,0,1,0,0,0,0,0,0,0,0,0,0,Infinite,Infinite,Infinite,Infinite,Infinite,1,0,EUR,31.99,31.99,31.99,0.00,34.99,0.00,0,0,,0.00,5488.012079,N,0,0,0,0,0.00
102,2020-08-11T23:00:00+00:00,IUFSD01410BK39 AMZ1,B07QGJKV3F,B07QGJKV3F,"Izas Frosty II Sandalia Unisex Adulto (Black, 39)",New,147126,gl_sports,1,1,0,1,0,0,0,0,0,0,0,0,0,0,Infinite,Infinite,Infinite,Infinite,Infinite,1,0,EUR,31.99,31.99,31.99,0.00,34.99,0.00,0,0,,0.00,6210.013678,N,0,0,0,0,0.00
103,2020-08-11T23:00:00+00:00,IUFSD01410BK42 AMZ1,B07QFDJRT9,B07QFDJRT9,"Izas Frosty II Sandalia Unisex Adulto (Black, 42)",New,42959,gl_sports,1,1,0,1,0,0,0,0,0,0,1,1,1,1,Infinite,4.0,13.0,26.0,52.0,1,0,EUR,34.99,34.99,34.99,0.00,34.99,0.00,0,0,,0.00,8700.019135,N,0,0,0,0,0.00
104,2020-08-11T23:00:00+00:00,IUFSD01410BK40 AMZ1,B07QCBMXB5,B07QCBMXB5,"Izas Frosty II Sandalia Unisex Adulto (Black, 40)",New,22434,gl_sports,1,1,0,1,0,0,0,0,0,0,0,0,0,0,Infinite,Infinite,Infinite,Infinite,Infinite,1,0,EUR,31.99,31.99,31.99,0.00,0.00,0.00,0,0,,0.00,7975.017534,N,0,0,0,0,0.00
105,2020-08-11T23:00:00+00:00,IWFFO01051WB36 AMZ,B07PYKD2JH,B07PYKD2JH,"Izas Tena Sandalia, Mujer (Wasabi, Numeric_36)",No Listing,548,gl_shoes,2,2,0,2,0,0,0,0,0,0,8,28,31,32,Infinite,1.0,0.9285714285714,1.6774193548387,3.25,0,0,EUR,0.00,0.00,0.00,0.00,0.00,0.00,0,0,,0.00,4620.01017,N,0,0,0,0,0.00
106,2020-08-11T23:00:00+00:00,IWFFO01051WB40 AMZ,B07PXFV4JS,B07PXFV4JS,"Izas Tena Sandalia, Mujer (Wasabi, Numeric_40)",New,548,gl_shoes,13,13,0,13,0,0,0,0,0,2,11,38,47,56,6.5,4.72727272727273,4.4473684210526,7.1914893617021,12.0714285714286,1,0,EUR,34.99,34.99,34.99,0.00,34.99,0.00,0,0,,0.00,4774.010466,N,0,0,0,0,0.00
107,2020-08-11T23:00:00+00:00,IWFFO01051BK40 AMZ,B07PXFKSBS,B07PXFKSBS,Izas Sandalia Tena,New,548,gl_apparel,8,7,1,7,0,0,0,0,1,3,12,50,57,76,2.3333333333333335,2.33333333333333,1.82,3.1929824561403,4.7894736842105,1,0,EUR,34.99,34.99,34.99,0.00,34.99,0.00,0,0,,0.00,6969.615314,N,0,0,0,0,0.00
108,2020-08-11T23:00:00+00:00,IWFFO01051WB38 AMZ,B07PXCYGTJ,B07PXCYGTJ,"Izas Tena Sandalia, Mujer (Wasabi, Numeric_38)",New,548,gl_shoes,1,1,0,1,0,0,0,0,2,4,17,64,71,84,0.75,0.70588235294118,0.609375,1.0985915492958,1.8571428571429,1,0,EUR,34.99,34.99,34.99,0.00,34.99,0.00,0,0,,0.00,2835.006236,N,2,0,0,0,0.00
109,2020-08-11T23:00:00+00:00,IWFFO01051BK39 AMZ,B07PXCJH8R,B07PXCJH8R,Izas Sandalia Tena,New,548,gl_apparel,7,4,3,4,0,0,0,0,0,3,22,87,98,128,2.3333333333333335,1.27272727272727,1.0459770114943,1.8571428571429,2.84375,1,0,EUR,34.99,34.99,34.99,0.00,34.99,0.00,0,0,,0.00,3159.006946,N,3,0,0,0,0.00
110,2020-08-11T23:00:00+00:00,IWFFO01051WB39 AMZ,B07PXCFZ7J,B07PXCFZ7J,"Izas Tena Sandalia, Mujer (Wasabi, Numeric_39)",New,548,gl_shoes,4,3,1,3,0,0,0,0,2,8,27,72,82,97,0.375,0.44444444444444,0.5416666666667,0.9512195121951,1.6082474226804,1,0,EUR,34.99,34.99,34.99,0.00,34.99,0.00,0,0,,0.00,2730.005991,N,0,0,0,0,0.00
111,2020-08-11T23:00:00+00:00,IWFFO01051BK41 AMZ,B07PW8ZXJ3,B07PW8ZXJ3,Izas Sandalia Tena,New,548,gl_apparel,3,3,0,3,0,0,0,0,0,5,10,45,50,63,1.2,2.4,1.7333333333333,3.12,4.952380952381,1,0,EUR,34.99,34.99,34.99,0.00,0.00,0.00,0,0,,0.00,4774.010466,N,3,0,0,0,0.00
112,2020-08-11T23:00:00+00:00,IWFFO01051WB37 AMZ,B07PW8Z5WZ,B07PW8Z5WZ,"Izas Tena Sandalia, Mujer (Wasabi, Numeric_37)",New,548,gl_shoes,3,3,0,3,0,0,0,0,0,2,12,45,53,62,1.5,1.0,0.8666666666667,1.4716981132075,2.5161290322581,1,0,EUR,34.99,34.99,34.99,0.00,34.99,0.00,0,0,,0.00,4194.759223,N,0,0,0,0,0.00
113,2020-08-11T23:00:00+00:00,IWFFO01051BK36 AMZ,B07PW88N4N,B07PW88N4N,Izas Sandalia Tena,New,548,gl_apparel,5,5,0,5,0,0,0,0,0,1,5,21,21,27,5.0,4.0,3.0952380952381,6.1904761904762,9.6296296296296,1,0,EUR,34.99,34.99,34.99,0.00,0.00,0.00,0,0,,0.00,3137.206876,N,0,0,0,0,0.00
114,2020-08-11T23:00:00+00:00,IWFFO01051BK37 AMZ,B07PW78J79,B07PW78J79,Izas Sandalia Tena,New,548,gl_apparel,2,2,0,2,0,0,0,0,1,5,10,37,49,62,0.4,0.8,0.7027027027027,1.0612244897959,1.6774193548387,1,0,EUR,34.99,34.99,34.99,0.00,34.99,0.00,0,0,,0.00,2750.006053,N,0,0,0,0,0.00
115,2020-08-11T23:00:00+00:00,IWFFO01051BK38 AMZ,B07PVC4BB8,B07PVC4BB8,Izas Sandalia Tena,New,548,gl_apparel,2,2,0,2,0,0,0,0,0,0,7,42,53,83,Infinite,2.85714285714286,1.547619047619,2.4528301886792,3.1325301204819,1,0,EUR,34.99,34.99,34.99,0.00,0.00,0.00,0,0,,0.00,2667.605848,N,3,0,0,0,0.00
116,2020-08-11T23:00:00+00:00,IWFFO01051WB41 AMZ,B07PVC3Z41,B07PVC3Z41,"Izas Tena Sandalia, Mujer (Wasabi, Numeric_41)",No Listing,548,gl_shoes,4,2,2,2,0,0,0,0,0,3,18,46,55,60,0.6666666666666667,0.44444444444444,0.5652173913043,0.9454545454545,1.7333333333333,0,0,EUR,0.00,0.00,0.00,0.00,0.00,0.00,0,0,,0.00,4672.810259,N,0,0,0,0,0.00
117,2020-08-11T23:00:00+00:00,IMYPD00916GH/DBL AMZ,B07G82293J,B07G82293J,Izas Chaqueta de Fibra Ultraligera Sindu,New,18368,gl_apparel,1,1,0,0,1,0,0,0,0,0,0,1,2,8,Infinite,Infinite,13.0,13.0,6.5,1,0,EUR,54.99,54.99,54.99,0.00,49.99,0.00,0,0,,0.00,13213.469025,N,0,0,0,0,0.00
118,2020-08-11T23:00:00+00:00,IMYPD00916MR/ORXXL AMZ,B07G81LL71,B07G81LL71,Izas Chaqueta de Fibra Ultraligera Sindu,New,18368,gl_apparel,1,1,0,0,0,1,0,0,0,0,0,0,0,0,Infinite,Infinite,Infinite,Infinite,Infinite,1,0,EUR,54.99,54.99,54.99,0.00,49.99,0.00,0,0,,0.00,14259.733577,N,0,0,0,0,0.00
119,2020-08-11T23:00:00+00:00,IMYPD00916MR/ORXL AMZ,B07G811Q29,B07G811Q29,Izas Chaqueta de Fibra Ultraligera Sindu,New,18368,gl_apparel,3,3,0,0,0,3,0,0,0,0,0,0,0,0,Infinite,Infinite,Infinite,Infinite,Infinite,1,0,EUR,54.99,54.99,54.99,0.00,49.99,0.00,0,0,,0.00,13790.516384,N,0,0,0,0,0.00
120,2020-08-11T23:00:00+00:00,IMYPD00916GH/DBXL AMZ,B07G7ZNJ4W,B07G7ZNJ4W,Izas Chaqueta de Fibra Ultraligera Sindu,New,18368,gl_apparel,2,2,0,0,0,2,0,0,0,0,0,0,0,1,Infinite,Infinite,Infinite,Infinite,104.0,1,0,EUR,54.99,54.99,54.99,0.00,49.99,0.00,0,0,,0.00,12256.122926,N,0,0,0,0,0.00
121,2020-08-11T23:00:00+00:00,IWFFO00822BK/SV37 AMZ1,B07B1B2NRF,B07B1B2NRF,Izas Sandalia Ancelle,New,1265,gl_sports,2,1,1,1,0,0,0,0,0,2,3,13,13,13,0.5,1.33333333333333,1.0,2.0,4.0,2,0,EUR,34.99,34.99,34.99,0.00,34.99,0.00,0,0,,0.00,7254.015909,N,0,0,0,0,0.00
122,2020-08-11T23:00:00+00:00,IWFFO00822BK/SV38 AMZ,B07B12G86G,B07B12G86G,Izas Sandalia Ancelle,No Listing,1265,gl_sports,1,0,1,0,0,0,0,0,0,0,5,30,30,32,Infinite,0.0,0.0,0.0,0.0,0,0,EUR,0.00,0.00,0.00,0.00,0.00,0.00,0,0,,0.00,7327.303166,N,0,0,0,0,0.00
123,2020-08-11T23:00:00+00:00,IWFFO00822BK/SV40 AMZ1,B07B12CZKZ,B07B12CZKZ,Izas Sandalia Ancelle,New,1265,gl_sports,1,1,0,1,0,0,0,0,0,2,13,31,31,31,0.5,0.30769230769231,0.4193548387097,0.8387096774194,1.6774193548387,1,0,EUR,34.99,34.99,34.99,0.00,34.99,0.00,0,0,,0.00,7440.016327,N,0,0,0,0,0.00
124,2020-08-11T23:00:00+00:00,IWFFO00822BK/SV39 AMZ,B07B11KHV3,B07B11KHV3,Izas Sandalia Ancelle,No Listing,1265,gl_sports,1,0,1,0,0,0,0,0,0,1,9,41,42,53,0.0,0.0,0.0,0.0,0.0,0,0,EUR,0.00,0.00,0.00,0.00,0.00,0.00,0,0,,0.00,7537.751843,N,0,0,0,0,0.00
125,2020-08-11T23:00:00+00:00,IWSTS01032WHL AMZ,B072LFDGQM,B072LFDGQM,Camiseta de Manga Corta Adaia II,New,16613,gl_sports,3,3,0,3,0,0,0,0,0,0,0,0,0,0,Infinite,Infinite,Infinite,Infinite,Infinite,1,0,EUR,9.99,9.99,9.99,0.00,9.99,0.00,0,0,,0.00,986.042172,N,0,0,0,0,0.00
126,2020-08-11T23:00:00+00:00,IMYPD00916BM/OR4XL AMZ,B072HXL7B6,B072HXL7B6,Izas Chaqueta de Fibra Ultraligera Sindu,New,18368,gl_sports,2,2,0,0,0,2,0,0,0,0,0,0,0,2,Infinite,Infinite,Infinite,Infinite,52.0,2,0,EUR,45.00,45.00,23.57,0.00,49.99,0.00,0,0,,0.00,17227.237858,N,0,0,0,0,0.00
127,2020-08-11T23:00:00+00:00,IMLPF00348DG/BKL AMZ,B072HXHM4Y,B072HXHM4Y,Izas Chaqueta de Forro Polar Padru,New,21382,gl_sports,1,1,0,1,0,0,0,0,0,0,0,2,8,13,Infinite,Infinite,6.5,3.25,4.0,2,0,EUR,16.99,16.99,12.95,0.00,14.99,0.00,0,0,,0.00,3923.508636,N,0,0,0,0,0.00
128,2020-08-11T23:00:00+00:00,IWLPF00565TQ/BKXS AMZ,B07285D81R,B07285D81R,Izas Chaqueta Forro Polar Wheeler,New,17171,gl_sports,2,2,0,0,0,2,0,0,0,0,0,0,1,1,Infinite,Infinite,Infinite,52.0,104.0,1,0,EUR,16.99,16.99,16.99,0.00,0.00,0.00,0,0,,0.00,3920.008614,N,0,0,0,0,0.00
129,2020-08-11T23:00:00+00:00,IWSTS01032FXS AMZ,B07282L311,B07282L311,Camiseta de Manga Corta Adaia II,New,16613,gl_sports,4,4,0,4,0,0,0,0,0,0,0,0,0,0,Infinite,Infinite,Infinite,Infinite,Infinite,1,0,EUR,9.99,9.99,9.99,0.00,9.99,0.00,0,0,,0.00,376.00083,N,0,0,0,0,0.00
130,2020-08-11T23:00:00+00:00,IWSTS01032FXXS AMZ,B07282L2F4,B07282L2F4,Camiseta de Manga Corta Adaia II,New,16613,gl_sports,3,3,0,3,0,0,0,0,0,0,0,0,0,0,Infinite,Infinite,Infinite,Infinite,Infinite,2,0,EUR,9.99,9.99,8.50,0.00,9.99,0.00,0,0,,0.00,345.000763,N,0,0,0,0,0.00
131,2020-08-11T23:00:00+00:00,IWSTS01032RDS AMZ,B0725GS27M,B0725GS27M,Camiseta de Manga Corta Adaia II,New,16613,gl_sports,4,4,0,4,0,0,0,0,0,0,0,0,0,0,Infinite,Infinite,Infinite,Infinite,Infinite,2,0,EUR,9.99,9.99,8.95,0.00,9.99,0.00,0,0,,0.00,312.500686,N,0,0,0,0,0.00
132,2020-08-11T23:00:00+00:00,IWSTS01032FXXL AMZ,B0725GRZZN,B0725GRZZN,Camiseta de Manga Corta Adaia II,New,16613,gl_sports,1,1,0,1,0,0,0,0,0,0,1,1,1,1,Infinite,16.0,52.0,104.0,208.0,1,0,EUR,9.99,9.99,9.99,0.00,9.99,0.00,0,0,,0.00,850.001876,N,3,0,0,0,0.00
133,2020-08-11T23:00:00+00:00,IWSTS01032RDM AMZ,B0722W1M7Z,B0722W1M7Z,Camiseta de Manga Corta Adaia II,New,16613,gl_sports,4,4,0,4,0,0,0,0,0,0,0,0,0,0,Infinite,Infinite,Infinite,Infinite,Infinite,1,0,EUR,9.99,9.99,9.99,0.00,9.99,0.00,0,0,,0.00,350.750767,N,0,0,0,0,0.00
134,2020-08-11T23:00:00+00:00,IMYPD00916DQ/LMXS AMZ,B071Z3TJGJ,B071Z3TJGJ,Izas Chaqueta de Fibra Ultraligera Sindu,New,18368,gl_sports,1,1,0,1,0,0,0,0,0,0,0,0,2,3,Infinite,Infinite,Infinite,13.0,17.3333333333333,2,0,EUR,54.99,54.99,37.41,0.00,49.99,0.00,0,0,,0.00,11200.024591,N,0,0,0,0,0.00
135,2020-08-11T23:00:00+00:00,IMYPD00916BM/ORS AMZ,B071Z3SN67,B071Z3SN67,Izas Chaqueta de Fibra Ultraligera Sindu,New,18368,gl_sports,1,1,0,0,1,0,0,0,0,0,0,1,2,3,Infinite,Infinite,13.0,13.0,17.3333333333333,1,0,EUR,54.99,54.99,54.99,0.00,49.99,0.00,0,0,,0.00,10098.022202,N,0,0,0,0,0.00
136,2020-08-11T23:00:00+00:00,IWSTS01032BKM AMZ,B071YZQHW1,B071YZQHW1,Camiseta de Manga Corta Adaia II,New,16613,gl_sports,3,3,0,3,0,0,0,0,0,0,1,1,1,1,Infinite,12.0,39.0,78.0,156.0,2,0,EUR,9.99,9.99,9.99,0.00,9.99,0.00,0,0,,0.00,744.001641,N,0,0,0,0,0.00
137,2020-08-11T23:00:00+00:00,IWSTS01032BKXXL AMZ,B071YZQFVW,B071YZQFVW,Camiseta de Manga Corta Adaia II,New,16613,gl_sports,2,2,0,2,0,0,0,0,0,0,0,0,0,0,Infinite,Infinite,Infinite,Infinite,Infinite,1,0,EUR,9.99,9.99,9.99,0.00,9.99,0.00,0,0,,0.00,425.00093,N,0,0,0,0,0.00
138,2020-08-11T23:00:00+00:00,IMTTH00424BKXXS AMZ,B071VNSDQ8,B071VNSDQ8,"Izas Camiseta t\xc3\xa9rmica Nelion del Hombre, Hombre, Color Negro, tama\xc3\xb1o XXS",New,150223,gl_sports,4,4,0,0,0,4,0,0,0,0,0,0,0,2,Infinite,Infinite,Infinite,Infinite,104.0,1,0,EUR,13.99,13.99,13.99,0.00,10.99,0.00,0,0,,0.00,1488.003265,N,0,0,0,0,0.00
139,2020-08-11T23:00:00+00:00,IWSTS01032WHM AMZ,B071VNCPKN,B071VNCPKN,Camiseta de Manga Corta Adaia II,New,16613,gl_sports,4,4,0,4,0,0,0,0,0,0,0,0,0,0,Infinite,Infinite,Infinite,Infinite,Infinite,1,0,EUR,9.99,9.99,9.99,0.00,9.99,0.00,0,0,,0.00,1481.75021,N,0,0,0,0,0.00
140,2020-08-11T23:00:00+00:00,IWSTS01032WHS AMZ,B071VNC9JL,B071VNC9JL,Camiseta de Manga Corta Adaia II,New,16613,gl_sports,3,3,0,3,0,0,0,0,0,0,1,1,1,1,Infinite,12.0,39.0,78.0,156.0,2,0,EUR,9.99,9.99,7.77,0.00,9.99,0.00,0,0,,0.00,1548.745804,N,0,0,0,0,0.00
141,2020-08-11T23:00:00+00:00,IWSTS01032WHXS AMZ,B071NWZKHY,B071NWZKHY,Camiseta de Manga Corta Adaia II,New,16613,gl_sports,2,2,0,2,0,0,0,0,0,0,1,1,1,1,Infinite,8.0,26.0,52.0,104.0,2,0,EUR,9.99,9.99,8.95,0.00,9.99,0.00,0,0,,0.00,1334.686492,N,0,0,0,0,0.00
142,2020-08-11T23:00:00+00:00,IWLPF00565BK/FX3XL AMZ,B071NWKSR3,B071NWKSR3,Izas Chaqueta Forro Polar Wheeler,New,17171,gl_sports,1,1,0,1,0,0,0,0,0,0,0,2,4,4,Infinite,Infinite,6.5,6.5,13.0,2,0,EUR,16.99,16.99,12.95,0.00,14.99,0.00,0,0,,0.00,4366.00958,N,0,0,0,0,0.00
143,2020-08-11T23:00:00+00:00,IMYPD00916DG/MRXS AMZ,B071NWGM46,B071NWGM46,Izas Chaqueta de Fibra Ultraligera Sindu,New,18368,gl_sports,1,1,0,0,0,1,0,0,0,0,0,0,0,0,Infinite,Infinite,Infinite,Infinite,Infinite,2,0,EUR,49.99,49.99,45.77,0.00,54.99,0.00,0,0,,0.00,7350.016162,N,0,0,0,0,0.00
144,2020-08-11T23:00:00+00:00,IWSTS01032FXM AMZ,B071NSMF1C,B071NSMF1C,Camiseta de Manga Corta Adaia II,New,16613,gl_sports,3,3,0,3,0,0,0,0,0,0,1,1,1,1,Infinite,12.0,39.0,78.0,156.0,2,0,EUR,9.99,9.99,9.99,0.00,9.99,0.00,0,0,,0.00,412.500899,N,0,0,0,0,0.00
145,2020-08-11T23:00:00+00:00,IWSTS01032BKS AMZ,B071NSMBW3,B071NSMBW3,Camiseta de Manga Corta Adaia II,New,16613,gl_sports,2,2,0,2,0,0,0,0,0,1,2,2,2,2,2.0,4.0,13.0,26.0,52.0,2,0,EUR,9.99,9.99,9.99,0.00,9.99,0.00,0,0,,0.00,1138.50249,N,0,0,0,0,0.00
146,2020-08-11T23:00:00+00:00,IWSTS01032BKL AMZ,B071NSM8Z2,B071NSM8Z2,Camiseta de Manga Corta Adaia II,New,16613,gl_sports,3,3,0,3,0,0,0,0,0,0,0,0,0,0,Infinite,Infinite,Infinite,Infinite,Infinite,1,0,EUR,9.99,9.99,9.99,0.00,9.99,0.00,0,0,,0.00,986.042172,N,0,0,0,0,0.00
147,2020-08-11T23:00:00+00:00,IWSTS01032WHXL AMZ,B071LB47M6,B071LB47M6,Camiseta de Manga Corta Adaia II,New,16613,gl_sports,3,3,0,3,0,0,0,0,0,0,0,0,0,0,Infinite,Infinite,Infinite,Infinite,Infinite,1,0,EUR,9.99,9.99,9.99,0.00,9.99,0.00,0,0,,0.00,1246.392338,N,0,0,0,0,0.00
148,2020-08-11T23:00:00+00:00,IMYPD00916BM/ORXS AMZ,B071LB25RG,B071LB25RG,Izas Chaqueta de Fibra Ultraligera Sindu,New,18368,gl_sports,1,1,0,0,0,1,0,0,0,0,0,0,1,3,Infinite,Infinite,Infinite,26.0,17.3333333333333,1,0,EUR,54.99,54.99,54.99,0.00,49.99,0.00,0,0,,0.00,17491.178404,N,0,0,0,0,0.00
149,2020-08-11T23:00:00+00:00,IWSTS01032WHXXL AMZ,B0719DP22T,B0719DP22T,Camiseta de Manga Corta Adaia II,New,16613,gl_sports,2,2,0,2,0,0,0,0,0,0,0,0,0,0,Infinite,Infinite,Infinite,Infinite,Infinite,1,0,EUR,9.99,9.99,9.99,0.00,9.99,0.00,0,0,,0.00,18375.040273,N,0,0,0,0,0.00
150,2020-08-11T23:00:00+00:00,IWSTS01032BKXL AMZ,B071998682,B071998682,Camiseta de Manga Corta Adaia II,New,16613,gl_sports,2,2,0,2,0,0,0,0,0,0,0,0,0,0,Infinite,Infinite,Infinite,Infinite,Infinite,1,0,EUR,9.99,9.99,9.99,0.00,9.99,0.00,0,0,,0.00,396.000876,N,0,0,0,0,0.00
151,2020-08-11T23:00:00+00:00,IMYPD00916DG/MR4XL AMZ,B0716T3KNG,B0716T3KNG,Izas Chaqueta de Fibra Ultraligera Sindu,New,18368,gl_sports,1,1,0,0,0,1,0,0,0,0,0,0,0,1,Infinite,Infinite,Infinite,Infinite,52.0,2,0,EUR,49.05,49.05,48.98,0.00,55.99,0.00,0,0,,0.00,18464.568605,N,0,0,0,0,0.00
152,2020-08-11T23:00:00+00:00,IWLPF00565TQ/BKL AMZ,B0716SZ27S,B0716SZ27S,Izas Chaqueta Forro Polar Wheeler,New,17171,gl_sports,1,1,0,1,0,0,0,0,0,0,0,0,7,7,Infinite,Infinite,Infinite,3.7142857142857,7.4285714285714,2,0,EUR,16.99,16.99,14.95,0.00,14.99,0.00,0,0,,0.00,5201.26141,N,0,0,0,0,0.00
153,2020-08-11T23:00:00+00:00,IMLPF00348DG/BK3XL AMZ,B071478K3C,B071478K3C,Izas Chaqueta de Forro Polar Padru,New,21382,gl_sports,2,2,0,2,0,0,0,0,0,0,0,0,2,2,Infinite,Infinite,Infinite,26.0,52.0,2,0,EUR,16.99,16.99,12.95,0.00,14.99,0.00,0,0,,0.00,4800.010551,N,0,0,0,0,0.00
154,2020-08-11T23:00:00+00:00,IWSTS01032FXL AMZ,B07143XLVQ,B07143XLVQ,Camiseta de Manga Corta Adaia II,New,16613,gl_sports,3,3,0,3,0,0,0,0,0,0,0,0,0,0,Infinite,Infinite,Infinite,Infinite,Infinite,1,0,EUR,9.99,9.99,9.99,0.00,9.99,0.00,0,0,,0.00,181.50039,N,0,0,0,0,0.00
155,2020-08-11T23:00:00+00:00,IWSTS01032BKXS AMZ,B0711JB5LX,B0711JB5LX,Camiseta de Manga Corta Adaia II,New,16613,gl_sports,2,2,0,2,0,0,0,0,0,1,1,1,1,1,2.0,8.0,26.0,52.0,104.0,1,0,EUR,9.99,9.99,9.99,0.00,9.99,0.00,0,0,,0.00,1265.546793,N,0,0,0,0,0.00
156,2020-08-11T23:00:00+00:00,IMSTS01030RYXS AMZ,B06XT5GDKQ,B06XT5GDKQ,Camiseta Manga Corta Creus II,New,37985,gl_sports,2,2,0,2,0,0,0,0,0,0,0,0,0,0,Infinite,Infinite,Infinite,Infinite,Infinite,2,0,EUR,9.99,9.99,8.95,0.00,9.99,0.00,0,0,,0.00,816.00179,N,0,0,0,0,0.00
157,2020-08-11T23:00:00+00:00,IMSTS01030BKM AMZ,B06XT5B92F,B06XT5B92F,Camiseta Manga Corta Creus II,New,0,gl_sports,4,4,0,4,0,0,0,0,0,0,0,0,0,0,Infinite,Infinite,Infinite,Infinite,Infinite,2,0,EUR,9.99,9.99,8.95,0.00,9.99,0.00,0,0,,0.00,964.130112,N,0,0,0,0,0.00
158,2020-08-11T23:00:00+00:00,IMSTS01030LGXL AMZ,B06XT4PCFW,B06XT4PCFW,Camiseta Manga Corta Creus II,New,37985,gl_sports,4,4,0,4,0,0,0,0,0,0,0,0,0,0,Infinite,Infinite,Infinite,Infinite,Infinite,2,0,EUR,9.99,9.99,9.95,0.00,9.99,0.00,0,0,,0.00,481.001058,N,0,0,0,0,0.00
159,2020-08-11T23:00:00+00:00,IMSTS01030BKXS AMZ,B06XT4MZ66,B06XT4MZ66,Camiseta Manga Corta Creus II,New,37985,gl_sports,2,2,0,2,0,0,0,0,0,0,0,0,0,0,Infinite,Infinite,Infinite,Infinite,Infinite,1,0,EUR,9.99,9.99,9.99,0.00,9.99,0.00,0,0,,0.00,816.00179,N,0,0,0,0,0.00
160,2020-08-11T23:00:00+00:00,IMSTS01030WH3XL AMZ,B06XT4LBNJ,B06XT4LBNJ,Camiseta Manga Corta Creus II,New,37985,gl_sports,2,2,0,2,0,0,0,0,0,0,0,0,0,0,Infinite,Infinite,Infinite,Infinite,Infinite,1,0,EUR,9.99,9.99,9.99,0.00,9.99,0.00,0,0,,0.00,1632.743195,N,0,0,0,0,0.00
161,2020-08-11T23:00:00+00:00,IMSTS01030RYL AMZ,B06XT4C8DT,B06XT4C8DT,Camiseta Manga Corta Creus II,New,37985,gl_sports,3,3,0,3,0,0,0,0,0,0,1,1,1,1,Infinite,12.0,39.0,78.0,156.0,2,0,EUR,9.99,9.99,9.99,0.00,9.99,0.00,0,0,,0.00,875.001921,N,0,0,0,0,0.00
162,2020-08-11T23:00:00+00:00,IMSTS01030RDS AMZ,B06XT49ZRL,B06XT49ZRL,Camiseta Manga Corta Creus II,New,37985,gl_sports,3,3,0,3,0,0,0,0,0,0,0,0,0,0,Infinite,Infinite,Infinite,Infinite,Infinite,2,0,EUR,9.99,9.99,6.43,0.00,9.99,0.00,0,0,,0.00,2077.924576,N,0,0,0,0,0.00
163,2020-08-11T23:00:00+00:00,IMSTS01030RY3XL AMZ,B06XT428VC,B06XT428VC,Camiseta Manga Corta Creus II,New,37985,gl_sports,2,2,0,2,0,0,0,0,0,0,0,0,0,0,Infinite,Infinite,Infinite,Infinite,Infinite,1,0,EUR,9.99,9.99,9.99,0.00,9.99,0.00,0,0,,0.00,2211.844857,N,0,0,0,0,0.00
164,2020-08-11T23:00:00+00:00,IMSTS01030LG3XL AMZ,B06XT428TS,B06XT428TS,Camiseta Manga Corta Creus II,New,37985,gl_sports,2,2,0,2,0,0,0,0,0,0,0,0,0,0,Infinite,Infinite,Infinite,Infinite,Infinite,1,0,EUR,9.99,9.99,9.99,0.00,9.99,0.00,0,0,,0.00,1628.62197,N,0,0,0,0,0.00
165,2020-08-11T23:00:00+00:00,IWFFO01049FX37 AMZ1,B06XT3B3ZK,B06XT3B3ZK,Izas Sandalia Pineta,New,7266,gl_sports,1,1,0,1,0,0,0,0,0,2,5,8,8,8,0.5,0.8,1.625,3.25,6.5,1,0,EUR,34.99,34.99,34.99,0.00,0.00,0.00,0,0,,0.00,7068.015556,N,0,0,0,0,0.00
166,2020-08-11T23:00:00+00:00,IWFFO01051TQ39 AMZ1,B06XT35WYF,B06XT35WYF,Izas Sandalia Tena,No Listing,548,gl_sports,1,0,1,0,0,0,0,0,0,3,17,55,55,55,0.6666666666666667,0.47058823529412,0.4727272727273,0.9454545454545,1.8909090909091,0,0,EUR,0.00,0.00,0.00,0.00,0.00,0.00,0,0,,0.00,7257.305144,N,2,0,0,0,0.00
167,2020-08-11T23:00:00+00:00,IMSTS01030RYXL AMZ,B06XT35BVB,B06XT35BVB,Camiseta Manga Corta Creus II,New,37985,gl_sports,4,4,0,4,0,0,0,0,0,0,0,0,0,0,Infinite,Infinite,Infinite,Infinite,Infinite,1,0,EUR,9.99,9.99,9.99,0.00,9.99,0.00,0,0,,0.00,2090.004589,N,0,0,0,0,0.00
168,2020-08-11T23:00:00+00:00,IMSTS01030RYM AMZ,B06XT35BV8,B06XT35BV8,Camiseta Manga Corta Creus II,New,37985,gl_sports,4,4,0,4,0,0,0,0,0,0,0,0,0,0,Infinite,Infinite,Infinite,Infinite,Infinite,2,0,EUR,9.99,9.99,9.99,0.00,9.99,0.00,0,0,,0.00,875.001921,N,0,0,0,0,0.00
169,2020-08-11T23:00:00+00:00,IMSTS01030BK6XL AMZ,B06XT2YMY2,B06XT2YMY2,Camiseta Manga Corta Creus II,New,37985,gl_sports,1,1,0,1,0,0,0,0,0,0,1,1,1,1,Infinite,4.0,13.0,26.0,52.0,1,0,EUR,9.99,9.99,9.99,0.00,0.00,0.00,0,0,,0.00,1726.403796,N,0,0,0,0,0.00
170,2020-08-11T23:00:00+00:00,IWFFO01051TQ36 AMZ1,B06XT2WNQH,B06XT2WNQH,Izas Sandalia Tena,New,548,gl_sports,4,4,0,4,0,0,0,0,0,1,8,19,19,19,4.0,2.0,2.7368421052632,5.4736842105263,10.9473684210526,1,0,EUR,34.99,34.99,34.99,0.00,34.99,0.00,0,0,,0.00,7335.904148,N,0,0,0,0,0.00
171,2020-08-11T23:00:00+00:00,IMSTS01030RY4XL AMZ,B06XT2TFZB,B06XT2TFZB,Camiseta Manga Corta Creus II,New,37985,gl_sports,2,2,0,2,0,0,0,0,0,0,0,0,0,0,Infinite,Infinite,Infinite,Infinite,Infinite,2,0,EUR,9.99,9.99,8.95,0.00,9.99,0.00,0,0,,0.00,1657.035645,N,0,0,0,0,0.00
172,2020-08-11T23:00:00+00:00,IMSTS01030WHXXL AMZ,B06XT2R8F9,B06XT2R8F9,Camiseta Manga Corta Creus II,New,37985,gl_sports,3,3,0,3,0,0,0,0,0,0,0,0,0,0,Infinite,Infinite,Infinite,Infinite,Infinite,2,0,EUR,9.99,9.99,8.95,0.00,9.99,0.00,0,0,,0.00,1834.295807,N,0,0,0,0,0.00
173,2020-08-11T23:00:00+00:00,IMSTS01030RYXXL AMZ,B06XT2H7XG,B06XT2H7XG,Camiseta Manga Corta Creus II,New,37985,gl_sports,3,3,0,3,0,0,0,0,0,0,0,0,0,0,Infinite,Infinite,Infinite,Infinite,Infinite,1,0,EUR,9.99,9.99,9.99,0.00,9.99,0.00,0,0,,0.00,988.002168,N,0,0,0,0,0.00
174,2020-08-11T23:00:00+00:00,IMSTS01030BKXXS AMZ,B06XT25SG7,B06XT25SG7,Camiseta Manga Corta Creus II,New,37985,gl_sports,2,2,0,2,0,0,0,0,0,0,0,0,0,0,Infinite,Infinite,Infinite,Infinite,Infinite,1,0,EUR,9.99,9.99,9.99,0.00,9.99,0.00,0,0,,0.00,1730.563792,N,0,0,0,0,0.00
175,2020-08-11T23:00:00+00:00,IMSTS01030LG4XL AMZ,B06XT25S76,B06XT25S76,Camiseta Manga Corta Creus II,New,37985,gl_sports,2,2,0,2,0,0,0,0,0,0,0,0,0,0,Infinite,Infinite,Infinite,Infinite,Infinite,1,0,EUR,9.99,9.99,9.99,0.00,9.99,0.00,0,0,,0.00,1334.578124,N,0,0,0,0,0.00
176,2020-08-11T23:00:00+00:00,IMSTS01030RDXXL AMZ,B06XT23NLZ,B06XT23NLZ,Camiseta Manga Corta Creus II,New,0,gl_sports,3,3,0,3,0,0,0,0,0,0,0,0,0,0,Infinite,Infinite,Infinite,Infinite,Infinite,1,0,EUR,9.99,9.99,9.99,0.00,9.99,0.00,0,0,,0.00,999.002189,N,0,0,0,0,0.00
177,2020-08-11T23:00:00+00:00,IMSTS01030BK3XL AMZ,B06XT23NL2,B06XT23NL2,Camiseta Manga Corta Creus II,New,0,gl_sports,2,2,0,2,0,0,0,0,0,0,0,0,0,0,Infinite,Infinite,Infinite,Infinite,Infinite,2,0,EUR,9.99,9.99,9.75,0.00,9.99,0.00,0,0,,0.00,1989.004386,N,0,0,0,0,0.00
178,2020-08-11T23:00:00+00:00,IMSTS01030BK5XL AMZ,B06XT23NCL,B06XT23NCL,Camiseta Manga Corta Creus II,New,37985,gl_sports,2,2,0,2,0,0,0,0,0,0,0,0,0,0,Infinite,Infinite,Infinite,Infinite,Infinite,1,0,EUR,9.99,9.99,9.99,0.00,9.99,0.00,0,0,,0.00,2775.006099,N,0,0,0,0,0.00
179,2020-08-11T23:00:00+00:00,IMSTS01030BK4XL AMZ,B06XT23M21,B06XT23M21,Camiseta Manga Corta Creus II,New,0,gl_sports,2,2,0,2,0,0,0,0,0,0,0,0,0,0,Infinite,Infinite,Infinite,Infinite,Infinite,2,0,EUR,9.99,9.99,7.95,0.00,9.99,0.00,0,0,,0.00,870.401914,N,0,0,0,0,0.00
180,2020-08-11T23:00:00+00:00,IMSTS01030BKS AMZ,B06XT1KZK4,B06XT1KZK4,Camiseta Manga Corta Creus II,New,37985,gl_sports,1,1,0,1,0,0,0,0,0,0,0,0,0,0,Infinite,Infinite,Infinite,Infinite,Infinite,1,0,EUR,9.99,9.99,9.99,0.00,0.00,0.00,0,0,,0.00,1827.364014,N,0,0,0,0,0.00
181,2020-08-11T23:00:00+00:00,IMSTS01030LGL AMZ,B06XT1KBL7,B06XT1KBL7,Camiseta Manga Corta Creus II,New,37985,gl_sports,4,4,0,4,0,0,0,0,0,0,0,0,0,0,Infinite,Infinite,Infinite,Infinite,Infinite,2,0,EUR,9.99,9.99,8.95,0.00,9.99,0.00,0,0,,0.00,1629.443587,N,0,0,0,0,0.00
182,2020-08-11T23:00:00+00:00,IMSTS01030RD6XL AMZ,B06XT1KB53,B06XT1KB53,Camiseta Manga Corta Creus II,New,37985,gl_sports,2,2,0,2,0,0,0,0,0,0,0,0,0,0,Infinite,Infinite,Infinite,Infinite,Infinite,1,0,EUR,9.99,9.99,9.99,0.00,9.99,0.00,0,0,,0.00,2002.004387,N,0,0,0,0,0.00
183,2020-08-11T23:00:00+00:00,IWFFO01051TQ40 AMZ1,B06XT1K9X3,B06XT1K9X3,Izas Sandalia Tena,New,548,gl_sports,4,4,0,4,0,0,0,0,0,1,15,41,41,41,4.0,1.06666666666667,1.2682926829268,2.5365853658537,5.0731707317073,1,0,EUR,34.99,34.99,34.99,0.00,34.99,0.00,0,0,,0.00,6773.514903,N,0,0,0,0,0.00
184,2020-08-11T23:00:00+00:00,IMPPA00354BK/DG3XL AMZ,B06XSZ2R8Z,B06XSZ2R8Z,Izas - Aletch - Pantal\xc3\xb3n - Man - Black/Dark Grey/Lime - 3XL,New,154423,gl_sports,2,2,0,2,0,0,0,0,0,0,0,0,0,0,Infinite,Infinite,Infinite,Infinite,Infinite,2,0,EUR,59.99,59.99,47.98,0.00,59.99,0.00,0,0,,0.00,8534.766735,N,0,0,0,0,0.00
185,2020-08-11T23:00:00+00:00,IMSTS01030LGXS AMZ,B06XSXDY1H,B06XSXDY1H,Camiseta Manga Corta Creus II,New,37985,gl_sports,2,2,0,2,0,0,0,0,0,0,0,0,0,0,Infinite,Infinite,Infinite,Infinite,Infinite,2,0,EUR,9.99,9.99,9.99,0.00,9.99,0.00,0,0,,0.00,180.000396,N,0,0,0,0,0.00
186,2020-08-11T23:00:00+00:00,IMSTS01030RDXL AMZ,B06XSXDX4T,B06XSXDX4T,Camiseta Manga Corta Creus II,New,0,gl_sports,4,4,0,4,0,0,0,0,0,0,0,0,0,0,Infinite,Infinite,Infinite,Infinite,Infinite,2,0,EUR,9.99,9.99,8.95,0.00,9.99,0.00,0,0,,0.00,969.002128,N,0,0,0,0,0.00
187,2020-08-11T23:00:00+00:00,IMSTS01030BKL AMZ,B06XSXDX35,B06XSXDX35,Camiseta Manga Corta Creus II,New,0,gl_sports,4,4,0,4,0,0,0,0,0,0,0,0,0,0,Infinite,Infinite,Infinite,Infinite,Infinite,2,0,EUR,9.99,9.99,8.95,0.00,9.99,0.00,0,0,,0.00,988.002168,N,0,0,0,0,0.00
188,2020-08-11T23:00:00+00:00,IMSTS01030WH4XL AMZ,B06XSXDSBS,B06XSXDSBS,Camiseta Manga Corta Creus II,New,37985,gl_sports,2,2,0,2,0,0,0,0,0,0,0,0,0,0,Infinite,Infinite,Infinite,Infinite,Infinite,1,0,EUR,9.99,9.99,9.99,0.00,9.99,0.00,0,0,,0.00,2947.272488,N,0,0,0,0,0.00
189,2020-08-11T23:00:00+00:00,IMSTS01030LGXXL AMZ,B06XSXDS3C,B06XSXDS3C,Camiseta Manga Corta Creus II,New,37985,gl_sports,3,3,0,3,0,0,0,0,0,0,0,0,0,0,Infinite,Infinite,Infinite,Infinite,Infinite,2,0,EUR,9.99,9.99,8.95,0.00,9.99,0.00,0,0,,0.00,1378.128022,N,0,0,0,0,0.00
190,2020-08-11T23:00:00+00:00,IMSTS01030RYXXS AMZ,B06XSVCMG6,B06XSVCMG6,Camiseta Manga Corta Creus II,New,37985,gl_sports,2,2,0,2,0,0,0,0,0,0,0,0,0,0,Infinite,Infinite,Infinite,Infinite,Infinite,2,0,EUR,9.99,9.99,8.95,0.00,9.99,0.00,0,0,,0.00,1459.67618,N,0,0,0,0,0.00
191,2020-08-11T23:00:00+00:00,IWFFO01051TQ41 AMZ1,B06XSV7RXY,B06XSV7RXY,Izas Sandalia Tena,New,548,gl_sports,1,1,0,1,0,0,0,0,0,1,7,20,20,20,1.0,0.57142857142857,0.65,1.3,2.6,1,0,EUR,34.99,34.99,34.99,0.00,34.99,0.00,0,0,,0.00,6773.514903,N,0,0,0,0,0.00
192,2020-08-11T23:00:00+00:00,IMSTS01030RDXXS AMZ,B06XSS39WZ,B06XSS39WZ,Camiseta Manga Corta Creus II,New,37985,gl_sports,2,2,0,2,0,0,0,0,0,0,0,0,0,0,Infinite,Infinite,Infinite,Infinite,Infinite,2,0,EUR,9.99,9.99,9.99,0.00,9.99,0.00,0,0,,0.00,477.001049,N,0,0,0,0,0.00
193,2020-08-11T23:00:00+00:00,IMSTS01030RD5XL AMZ,B06XSS38J9,B06XSS38J9,Camiseta Manga Corta Creus II,New,37985,gl_sports,2,2,0,2,0,0,0,0,0,0,0,0,0,0,Infinite,Infinite,Infinite,Infinite,Infinite,2,0,EUR,9.99,9.99,9.99,0.00,9.99,0.00,0,0,,0.00,2379.525235,N,0,0,0,0,0.00
194,2020-08-11T23:00:00+00:00,IMSTS01030RD4XL AMZ,B06XSS32B3,B06XSS32B3,Camiseta Manga Corta Creus II,New,0,gl_sports,2,2,0,2,0,0,0,0,0,0,0,0,0,0,Infinite,Infinite,Infinite,Infinite,Infinite,2,0,EUR,9.99,9.99,8.95,0.00,9.99,0.00,0,0,,0.00,471.626031,N,0,0,0,0,0.00
195,2020-08-11T23:00:00+00:00,IWFFO01049FX36 AMZ1,B06XSPRXR3,B06XSPRXR3,Izas Sandalia Pineta,New,7266,gl_sports,1,1,0,1,0,0,0,0,0,0,1,1,1,1,Infinite,4.0,13.0,26.0,52.0,1,0,EUR,34.99,34.99,34.99,0.00,34.99,0.00,0,0,,0.00,6243.103723,N,0,0,0,0,0.00
196,2020-08-11T23:00:00+00:00,IMSTS01030WHXS AMZ,B06XSPRXPY,B06XSPRXPY,Camiseta Manga Corta Creus II,New,37985,gl_sports,2,2,0,2,0,0,0,0,0,0,0,0,0,0,Infinite,Infinite,Infinite,Infinite,Infinite,1,0,EUR,9.99,9.99,9.99,0.00,9.99,0.00,0,0,,0.00,459.001016,N,0,0,0,0,0.00
197,2020-08-11T23:00:00+00:00,IMSTS01030RDXS AMZ,B06XSPRXPQ,B06XSPRXPQ,Camiseta Manga Corta Creus II,New,37985,gl_sports,2,2,0,2,0,0,0,0,0,0,0,0,0,0,Infinite,Infinite,Infinite,Infinite,Infinite,2,0,EUR,9.99,9.99,6.25,0.00,9.99,0.00,0,0,,0.00,850.001876,N,0,0,0,0,0.00
198,2020-08-11T23:00:00+00:00,IMSTS01030WHM AMZ,B06XSMFKRT,B06XSMFKRT,Camiseta Manga Corta Creus II,New,37985,gl_sports,4,4,0,4,0,0,0,0,0,0,0,0,0,0,Infinite,Infinite,Infinite,Infinite,Infinite,2,0,EUR,9.99,9.99,9.95,0.00,9.99,0.00,0,0,,0.00,180.000396,N,0,0,0,0,0.00
199,2020-08-11T23:00:00+00:00,IMSTS01030BKXL AMZ,B06XSMFH62,B06XSMFH62,Camiseta Manga Corta Creus II,New,0,gl_sports,4,4,0,4,0,0,0,0,0,0,0,0,0,0,Infinite,Infinite,Infinite,Infinite,Infinite,2,0,EUR,9.99,9.99,9.95,0.00,9.99,0.00,0,0,,0.00,1086.252386,N,0,0,0,0,0.00
200,2020-08-11T23:00:00+00:00,IMSTS01030WHXL AMZ,B06XSMFFY1,B06XSMFFY1,Camiseta Manga Corta Creus II,New,37985,gl_sports,4,4,0,4,0,0,0,0,0,0,0,0,0,0,Infinite,Infinite,Infinite,Infinite,Infinite,1,0,EUR,9.99,9.99,9.99,0.00,9.99,0.00,0,0,,0.00,1153.608807,N,0,0,0,0,0.00
201,2020-08-11T23:00:00+00:00,IMSTS01030BKXXL AMZ,B06XSMFFWR,B06XSMFFWR,Camiseta Manga Corta Creus II,New,0,gl_sports,3,3,0,3,0,0,0,0,0,0,0,0,0,0,Infinite,Infinite,Infinite,Infinite,Infinite,2,0,EUR,9.99,9.99,8.95,0.00,9.99,0.00,0,0,,0.00,2067.00454,N,0,0,0,0,0.00
202,2020-08-11T23:00:00+00:00,IMSTS01030LGS AMZ,B06XSMFFBG,B06XSMFFBG,Camiseta Manga Corta Creus II,New,37985,gl_sports,3,3,0,3,0,0,0,0,0,0,0,0,0,0,Infinite,Infinite,Infinite,Infinite,Infinite,2,0,EUR,9.99,9.99,8.95,0.00,9.99,0.00,0,0,,0.00,450.000991,N,0,0,0,0,0.00
203,2020-08-11T23:00:00+00:00,IMSTS01030RY6XL AMZ,B06XSMBBCP,B06XSMBBCP,Camiseta Manga Corta Creus II,New,37985,gl_sports,2,2,0,2,0,0,0,0,0,0,0,0,0,0,Infinite,Infinite,Infinite,Infinite,Infinite,2,0,EUR,9.99,9.99,8.95,0.00,9.99,0.00,0,0,,0.00,1763.303874,N,0,0,0,0,0.00
204,2020-08-11T23:00:00+00:00,IMSTS01030RDL AMZ,B06XSMB8BY,B06XSMB8BY,Camiseta Manga Corta Creus II,New,37985,gl_sports,4,4,0,4,0,0,0,0,0,0,0,0,0,0,Infinite,Infinite,Infinite,Infinite,Infinite,2,0,EUR,9.99,9.99,9.95,0.00,9.99,0.00,0,0,,0.00,1423.503132,N,0,0,0,0,0.00
205,2020-08-11T23:00:00+00:00,IWFFO01051TQ38 AMZ,B06XSKB3K3,B06XSKB3K3,Izas Sandalia Tena,No Listing,548,gl_sports,2,0,2,0,0,0,0,0,0,1,13,50,63,77,0.0,0.0,0.0,0.0,0.0,0,0,EUR,0.00,0.00,0.00,0.00,0.00,0.00,0,0,,0.00,6882.765159,N,0,0,0,0,0.00
206,2020-08-11T23:00:00+00:00,IMSTS01030RDM AMZ,B06XSK9ZTB,B06XSK9ZTB,Camiseta Manga Corta Creus II,New,37985,gl_sports,3,3,0,3,0,0,0,0,0,0,0,0,0,0,Infinite,Infinite,Infinite,Infinite,Infinite,1,0,EUR,9.99,9.99,9.99,0.00,9.99,0.00,0,0,,0.00,882.001933,N,0,0,0,0,0.00
207,2020-08-11T23:00:00+00:00,IMSTS01030RD3XL AMZ,B06XSK9Y79,B06XSK9Y79,Camiseta Manga Corta Creus II,New,0,gl_sports,2,2,0,2,0,0,0,0,0,0,0,0,0,0,Infinite,Infinite,Infinite,Infinite,Infinite,1,0,EUR,9.99,9.99,9.99,0.00,9.99,0.00,0,0,,0.00,1527.40177,N,0,0,0,0,0.00
208,2020-08-11T23:00:00+00:00,IMSTS01030RYS AMZ,B06XSK7TXP,B06XSK7TXP,Camiseta Manga Corta Creus II,New,37985,gl_sports,3,3,0,3,0,0,0,0,0,0,0,0,0,0,Infinite,Infinite,Infinite,Infinite,Infinite,1,0,EUR,9.99,9.99,9.99,0.00,9.99,0.00,0,0,,0.00,1451.949187,N,0,0,0,0,0.00
209,2020-08-11T23:00:00+00:00,IMSTS01030WHL AMZ,B06XSK5SXR,B06XSK5SXR,Camiseta Manga Corta Creus II,New,37985,gl_sports,4,4,0,4,0,0,0,0,0,0,0,0,0,0,Infinite,Infinite,Infinite,Infinite,Infinite,1,0,EUR,9.99,9.99,9.99,0.00,8.99,0.00,0,0,,0.00,923.002031,N,0,0,0,0,0.00
210,2020-08-11T23:00:00+00:00,IMSTS01030WHS AMZ,B06XSK3NB1,B06XSK3NB1,Camiseta Manga Corta Creus II,New,37985,gl_sports,3,3,0,3,0,0,0,0,0,0,0,0,0,0,Infinite,Infinite,Infinite,Infinite,Infinite,2,0,EUR,9.99,9.99,9.99,0.00,9.99,0.00,0,0,,0.00,272.919252,N,0,0,0,0,0.00
211,2020-08-11T23:00:00+00:00,IMSTS01030RY5XL AMZ,B06XSK3KR3,B06XSK3KR3,Camiseta Manga Corta Creus II,New,37985,gl_sports,2,2,0,2,0,0,0,0,0,0,0,0,0,0,Infinite,Infinite,Infinite,Infinite,Infinite,1,0,EUR,9.99,9.99,9.99,0.00,9.99,0.00,0,0,,0.00,1944.004262,N,0,0,0,0,0.00
212,2020-08-11T23:00:00+00:00,IMSTS01030LGM AMZ,B06XSK3KQH,B06XSK3KQH,Camiseta Manga Corta Creus II,New,37985,gl_sports,4,4,0,4,0,0,0,0,0,0,0,0,0,0,Infinite,Infinite,Infinite,Infinite,Infinite,1,0,EUR,9.99,9.99,9.99,0.00,9.99,0.00,0,0,,0.00,985.502168,N,0,0,0,0,0.00
213,2020-08-11T23:00:00+00:00,IMPPA00354BK/DG4XL AMZ,B06XSG4S9H,B06XSG4S9H,Izas - Aletch - Pantal\xc3\xb3n - Man - Black/Dark Grey/Lime - 4XL,New,154423,gl_sports,2,2,0,2,0,0,0,0,0,0,0,0,0,0,Infinite,Infinite,Infinite,Infinite,Infinite,2,0,EUR,59.99,59.99,47.98,0.00,54.99,0.00,0,0,,0.00,4487.630162,N,0,0,0,0,0.00
214,2020-08-11T23:00:00+00:00,IMYPD00916BK/BK4XL AMZ,B01MF6WMJ1,B01MF6WMJ1,Izas Chaqueta de Fibra Ultraligera Sindu,New,18368,gl_sports,2,2,0,0,0,2,0,0,0,0,0,0,1,1,Infinite,Infinite,Infinite,52.0,104.0,1,0,EUR,54.99,54.99,54.99,0.00,49.99,0.00,0,0,,0.00,20990.965878,N,0,0,0,0,0.00
215,2020-08-11T23:00:00+00:00,IMYPD00916BK/BKM AMZ,B01MEE5MJ5,B01MEE5MJ5,Izas Chaqueta de Fibra Ultraligera Sindu,New,18368,gl_sports,3,3,0,0,1,2,0,0,0,0,0,0,5,18,Infinite,Infinite,Infinite,15.6,8.6666666666667,2,0,EUR,54.99,54.99,54.99,0.00,49.99,0.00,0,0,,0.00,21749.807808,N,0,0,0,0,0.00
216,2020-08-11T23:00:00+00:00,IMYPD00916BK/BKXXL AMZ,B01MEE5LD2,B01MEE5LD2,Izas Chaqueta de Fibra Ultraligera Sindu,New,18368,gl_sports,2,2,0,0,1,1,0,0,0,0,0,0,1,5,Infinite,Infinite,Infinite,52.0,20.8,2,0,EUR,45.00,45.00,45.00,0.00,49.99,0.00,0,0,,0.00,12455.108499,N,0,0,0,0,0.00
217,2020-08-11T23:00:00+00:00,IMTTH00424WH4XL AMZ,B01M635NO1,B01M635NO1,Izas Camiseta t\xc3\xa9rmica Nelion,New,238183,gl_apparel,1,1,0,0,0,1,0,0,0,0,0,0,0,2,Infinite,Infinite,Infinite,Infinite,26.0,1,0,EUR,13.99,13.99,13.99,0.00,10.99,0.00,0,0,,0.00,1766.243884,N,0,0,0,0,0.00
218,2020-08-11T23:00:00+00:00,IWLPF00565RD/BKXL AMZ,B01G7AUS6C,B01G7AUS6C,Izas Chaqueta Forro Polar Wheeler,New,17171,gl_sports,1,1,0,1,0,0,0,0,0,0,0,0,3,8,Infinite,Infinite,Infinite,8.6666666666667,6.5,1,0,EUR,16.99,16.99,16.99,0.00,14.99,0.00,0,0,,0.00,6963.215283,N,0,0,0,0,0.00
219,2020-08-11T23:00:00+00:00,IWLPF00565RD/BK4XL AMZ,B01G7AURTK,B01G7AURTK,Izas Chaqueta Forro Polar Wheeler,New,17171,gl_sports,2,2,0,0,0,2,0,0,0,0,0,0,1,2,Infinite,Infinite,Infinite,52.0,52.0,2,0,EUR,16.99,16.99,13.29,0.00,14.99,0.00,0,0,,0.00,4032.008838,N,0,0,0,0,0.00
220,2020-08-11T23:00:00+00:00,IMLPF00348BK/RD4XL AMZ,B01FMQ1IGG,B01FMQ1IGG,Izas Chaqueta de Forro Polar Padru,New,21382,gl_sports,2,2,0,0,0,2,0,0,0,0,0,0,4,7,Infinite,Infinite,Infinite,13.0,14.8571428571429,2,0,EUR,16.99,16.99,12.95,0.00,14.99,0.00,0,0,,0.00,6912.015182,N,0,0,0,0,0.00
221,2020-08-11T23:00:00+00:00,IMLPF00348BK/RDXXL AMZ,B01FMQ1IDO,B01FMQ1IDO,Izas Chaqueta de Forro Polar Padru,New,21382,gl_sports,7,7,0,1,0,6,0,0,0,0,1,1,3,6,Infinite,28.0,91.0,60.6666666666667,60.6666666666667,2,0,EUR,16.99,16.99,12.95,0.00,14.99,0.00,0,0,,0.00,6534.014372,N,0,0,0,0,0.00
222,2020-08-11T23:00:00+00:00,IMLPF00348BK/RDL AMZ,B01FMQ1GSG,B01FMQ1GSG,Izas Chaqueta de Forro Polar Padru,New,21382,gl_sports,1,1,0,0,0,1,0,0,0,0,0,4,10,16,Infinite,Infinite,3.25,2.6,3.25,2,0,EUR,16.99,16.99,12.95,0.00,14.99,0.00,0,0,,0.00,495.001082,N,0,0,0,0,0.00
223,2020-08-11T23:00:00+00:00,IMRRN00403BKXXL AMZ,B01DBZ2972,B01DBZ2972,Izas Pantalones Cortos de Running Dufour,New,29668,gl_sports,2,2,0,2,0,0,0,0,0,0,1,1,1,1,Infinite,16.0,52.0,104.0,208.0,1,0,EUR,19.99,19.99,19.99,0.00,19.99,0.00,0,0,,0.00,1458.003205,N,2,0,0,0,0.00
224,2020-08-11T23:00:00+00:00,IMRRN00403BKXL AMZ,B01DBZ2648,B01DBZ2648,Izas Pantalones Cortos de Running Dufour,New,29668,gl_sports,4,4,0,4,0,0,0,0,0,0,0,0,0,0,Infinite,Infinite,Infinite,Infinite,Infinite,1,0,EUR,19.99,19.99,19.99,0.00,19.99,0.00,0,0,,0.00,1118.044458,N,0,0,0,0,0.00
225,2020-08-11T23:00:00+00:00,IMRRN00403BKL AMZ,B01DBZ249K,B01DBZ249K,Izas Pantalones Cortos de Running Dufour,New,29668,gl_sports,4,4,0,4,0,0,0,0,0,0,1,1,1,1,Infinite,16.0,52.0,104.0,208.0,2,0,EUR,19.99,19.99,19.99,0.00,19.99,0.00,0,0,,0.00,1612.00355,N,0,0,0,0,0.00
226,2020-08-11T23:00:00+00:00,IMRRN00403BKM AMZ,B01DBZ22C4,B01DBZ22C4,Izas Pantalones Cortos de Running Dufour,New,29668,gl_sports,2,2,0,2,0,0,0,0,0,1,1,1,1,1,2.0,8.0,26.0,52.0,104.0,1,0,EUR,19.99,19.99,19.99,0.00,19.99,0.00,0,0,,0.00,1377.003015,N,0,0,0,0,0.00
227,2020-08-11T23:00:00+00:00,IMRRN00403BKS AMZ,B01DBZ20EO,B01DBZ20EO,Izas Pantalones Cortos de Running Dufour,New,29668,gl_sports,4,4,0,4,0,0,0,0,0,0,0,0,0,0,Infinite,Infinite,Infinite,Infinite,Infinite,1,0,EUR,19.99,19.99,19.99,0.00,19.99,0.00,0,0,,0.00,1377.003015,N,0,0,0,0,0.00
228,2020-08-11T23:00:00+00:00,IMLPF00352BKS AMZ,B01DBWXQEA,B01DBWXQEA,"Izas - Sutton - Black - S, para Hombre",New,19062,gl_sports,2,2,0,0,0,0,2,0,0,0,0,0,0,1,Infinite,Infinite,Infinite,Infinite,104.0,2,0,EUR,12.84,12.84,9.91,0.00,13.99,0.00,0,0,,0.00,5002.510992,N,0,0,0,0,0.00
229,2020-08-11T23:00:00+00:00,IWLPF00558BKXL AMZ,B01DAJTWW4,B01DAJTWW4,Izas Forro Polar Ferni,New,48819,gl_sports,1,1,0,0,0,0,1,0,0,0,0,0,0,2,Infinite,Infinite,Infinite,Infinite,26.0,2,0,EUR,13.99,13.99,10.37,0.00,12.99,0.00,0,0,,0.00,5940.877044,N,0,0,0,0,0.00
230,2020-08-11T23:00:00+00:00,IWRRN00813BK/FXL AMZ,B01C76MZZM,B01C76MZZM,"Izas Frisia Pantalones Cortos para Running, Mujer, Negro/Fuxia, L",New,7943,gl_sports,2,2,0,2,0,0,0,0,0,1,3,3,3,3,2.0,2.66666666666667,8.6666666666667,17.3333333333333,34.6666666666667,2,0,EUR,19.99,19.99,19.99,0.00,24.99,0.00,0,0,,0.00,2320.005108,N,0,0,0,0,0.00
231,2020-08-11T23:00:00+00:00,IWRRN00813BK/FXM AMZ,B01C76MZWK,B01C76MZWK,"Izas Frisia Pantalones Cortos para Running, Mujer, Negro/Fuxia, M",New,7943,gl_sports,2,2,0,2,0,0,0,0,1,2,6,6,6,6,1.0,1.33333333333333,4.3333333333333,8.6666666666667,17.3333333333333,1,0,EUR,19.99,19.99,19.99,0.00,19.99,0.00,0,0,,0.00,787.501739,N,0,0,0,0,0.00
232,2020-08-11T23:00:00+00:00,IWRRN00813BK/FXXL AMZ,B01C76MZRA,B01C76MZRA,"Izas Frisia Pantalones Cortos para Running, Mujer, Negro/Fuxia, XL",New,7943,gl_sports,5,5,0,5,0,0,0,0,0,1,2,2,2,2,5.0,10.0,32.5,65.0,130.0,1,0,EUR,19.99,19.99,19.99,0.00,19.99,0.00,0,0,,0.00,936.002065,N,0,0,0,0,0.00
233,2020-08-11T23:00:00+00:00,IWRRN00813BK/FXXL,B01C76MZRA,B01C76MZRA,"Izas Frisia Pantalones Cortos para Running, Mujer, Negro/Fuxia, XL",New,7943,gl_sports,5,5,0,5,0,0,0,0,0,0,0,0,0,0,Infinite,Infinite,Infinite,Infinite,Infinite,1,0,EUR,19.99,19.99,19.99,0.00,19.99,0.00,0,0,,0.00,936.002065,N,0,0,0,0,0.00
234,2020-08-11T23:00:00+00:00,IWRRN00813BK/FXS AMZ,B01C76MXBS,B01C76MXBS,"Izas Frisia Pantalones Cortos para Running, Mujer, Negro/Fuxia, S",New,7943,gl_sports,2,2,0,2,0,0,0,0,1,1,2,2,2,2,6.0,12.0,39.0,78.0,156.0,2,0,EUR,19.99,19.99,19.99,0.00,19.99,0.00,0,0,,0.00,1056.002324,N,4,0,0,0,0.00
235,2020-08-11T23:00:00+00:00,IWRRN00813BK/FXXS AMZ,B01C76MWZU,B01C76MWZU,"Izas Frisia Pantalones Cortos para Running, Mujer, Negro/Fuxia, XS",New,7943,gl_sports,3,3,0,3,0,0,0,0,0,0,0,0,0,0,Infinite,Infinite,Infinite,Infinite,Infinite,1,0,EUR,19.99,19.99,19.99,0.00,19.99,0.00,0,0,,0.00,1860.004069,N,0,0,0,0,0.00
236,2020-08-11T23:00:00+00:00,IMPPA00354BK/DGS AMZ,B01B4FZV2G,B01B4FZV2G,Izas - Aletch - Pantal\xc3\xb3n - Man - Black/Dark Grey/Lime - S,New,42602,gl_sports,2,2,0,2,0,0,0,0,0,0,0,1,5,5,Infinite,Infinite,26.0,10.4,20.8,2,0,EUR,59.99,59.99,46.95,0.00,59.99,0.00,0,0,,0.00,3080.006769,N,0,0,0,0,0.00
237,2020-08-11T23:00:00+00:00,IMTTH00424WHXS AMZ,B0185GYZGA,B0185GYZGA,"Izas Nelion Camiseta t\xc3\xa9rmica, Hombre, Blanco, XS",New,32268,gl_sports,2,2,0,0,0,2,0,0,0,0,0,0,0,1,Infinite,Infinite,Infinite,Infinite,104.0,2,0,EUR,13.98,13.98,9.95,0.00,10.99,0.00,0,0,,0.00,1680.003689,N,0,0,0,0,0.00
238,2020-08-11T23:00:00+00:00,IMTTH00424RY3XL AMZ,B0185GYWM2,B0185GYWM2,"Izas Nelion Camiseta t\xc3\xa9rmica, Hombre, Royal, XXXL",New,32268,gl_sports,1,1,0,0,0,1,0,0,0,0,0,1,3,6,Infinite,Infinite,13.0,8.6666666666667,8.6666666666667,2,0,EUR,13.99,13.99,12.47,0.00,10.99,0.00,0,0,,0.00,3218.032871,N,0,0,0,0,0.00
239,2020-08-11T23:00:00+00:00,IMTTH00424RDXL AMZ,B0185GY2JK,B0185GY2JK,"Izas Nelion Camiseta t\xc3\xa9rmica, Hombre, Rojo, XL",New,32268,gl_sports,4,4,0,0,0,4,0,0,0,0,0,0,1,1,Infinite,Infinite,Infinite,104.0,208.0,2,0,EUR,11.99,11.99,11.99,0.00,10.99,0.00,0,0,,0.00,2048.004501,N,0,0,0,0,0.00
240,2020-08-11T23:00:00+00:00,IWTTH00598WHL AMZ,B0185E7AIC,B0185E7AIC,Izas Camiseta T\xc3\xa9rmica Anaga,New,33506,gl_sports,10,10,0,0,0,10,0,0,0,0,0,0,0,2,Infinite,Infinite,Infinite,Infinite,260.0,2,0,EUR,13.99,13.99,13.99,0.00,9.99,0.00,0,0,,0.00,1485.003263,N,0,0,0,0,0.00
241,2020-08-11T23:00:00+00:00,IMPPA00359BK/DGXS AMZ,B010VUN9EC,B010VUN9EC,Izas Pantalones Trekking Coruna,New,27874,gl_sports,1,1,0,1,0,0,0,0,0,0,0,0,3,6,Infinite,Infinite,Infinite,8.6666666666667,8.6666666666667,2,0,EUR,32.95,32.95,30.76,0.00,49.99,0.00,0,0,,0.00,3300.007258,N,0,0,0,0,0.00
242,2020-08-11T23:00:00+00:00,IMPPA00354DG/BKXXL AMZ,B010VMLSYS,B010VMLSYS,Izas - Aletch - Pantal\xc3\xb3n - Man - D.Grey/Black/Royal - XXL,New,42602,gl_sports,2,2,0,2,0,0,0,0,0,0,0,0,1,2,Infinite,Infinite,Infinite,52.0,52.0,2,0,EUR,59.99,59.99,32.04,0.00,59.99,0.00,0,0,,0.00,5772.012682,N,0,0,0,0,0.00
243,2020-08-11T23:00:00+00:00,IWLPF00565FX/BKXS AMZ,B00R4LBQME,B00R4LBQME,Izas Chaqueta Forro Polar Wheeler,New,17171,gl_sports,1,1,0,1,0,0,0,0,0,0,0,0,4,4,Infinite,Infinite,Infinite,6.5,13.0,1,0,EUR,16.99,16.99,16.99,0.00,14.99,0.00,0,0,,0.00,4680.010275,N,0,0,0,0,0.00
244,2020-08-11T23:00:00+00:00,IWLPF00565FX/BKS AMZ,B00R4LBMRI,B00R4LBMRI,Izas Chaqueta Forro Polar Wheeler,New,17171,gl_sports,2,2,0,2,0,0,0,0,0,0,0,0,4,7,Infinite,Infinite,Infinite,13.0,14.8571428571429,2,0,EUR,16.99,16.99,12.95,0.00,14.99,0.00,0,0,,0.00,5280.011619,N,0,0,0,0,0.00
245,2020-08-11T23:00:00+00:00,IMTTH00424BKXS AMZ,B00R4K5BE4,B00R4K5BE4,"Izas Nelion Camiseta t\xc3\xa9rmica, Hombre, Negro, XS",New,32268,gl_sports,2,2,0,0,0,2,0,0,0,0,0,0,0,5,Infinite,Infinite,Infinite,Infinite,20.8,2,0,EUR,13.98,13.98,12.85,0.00,10.99,0.00,0,0,,0.00,2268.004973,N,0,0,0,0,0.00
246,2020-08-11T23:00:00+00:00,IMTTH00424BKS AMZ,B00R4K55UO,B00R4K55UO,"Izas Nelion Camiseta t\xc3\xa9rmica, Hombre, Negro, S",New,32268,gl_sports,1,1,0,0,1,0,0,0,0,0,0,0,2,9,Infinite,Infinite,Infinite,13.0,5.7777777777778,2,0,EUR,13.98,13.98,11.25,0.00,10.99,0.00,0,0,,0.00,1131.002492,N,0,0,0,0,0.00
247,2020-08-11T23:00:00+00:00,IMPPA00354BK/DGXXL AMZ,B00R4HPIZO,B00R4HPIZO,Izas - Aletch - Pantal\xc3\xb3n - Man - Black/Dark Grey/Lime - XXL,New,42602,gl_sports,2,2,0,2,0,0,0,0,0,0,0,1,1,2,Infinite,Infinite,26.0,52.0,52.0,1,0,EUR,59.99,59.99,59.99,0.00,58.99,0.00,0,0,,0.00,3276.007186,N,0,0,0,0,0.00
248,2020-08-11T23:00:00+00:00,IMPPA00354BK/DGXL AMZ,B00R4HPDI6,B00R4HPDI6,Izas - Aletch - Pantal\xc3\xb3n - Man - Black/Dark Grey/Lime - XL,New,42602,gl_sports,3,3,0,3,0,0,0,0,0,0,0,0,5,5,Infinite,Infinite,Infinite,15.6,31.2,2,0,EUR,59.99,59.99,54.81,0.00,59.99,0.00,0,0,,0.00,4638.885176,N,0,0,0,0,0.00
249,2020-08-11T23:00:00+00:00,IMPPA00354BK/DGM AMZ,B00R4HP7VO,B00R4HP7VO,Izas - Aletch - Pantal\xc3\xb3n - Man - Black/Dark Grey/Lime - M,New,42602,gl_sports,3,3,0,3,0,0,0,0,0,0,0,1,12,13,Infinite,Infinite,39.0,6.5,12.0,2,0,EUR,59.99,59.99,54.52,0.00,59.99,0.00,0,0,,0.00,2062.504528,N,0,0,0,0,0.00
